,state,sex,education,estimate,margin_of_error,state_abbrev,4_year_pct_students_loans_avg,2-3_year_pct_students_loans_avg,<2_year_pct_students_loans_avg,fed_student_loans_per_year,total_fed_student_loans,monthly_payment,total_cost_of_fed_loan,age_starting_work,age_39,y_intercept,gross_at_starting_age,gross_at_39,age_of_profitability_high_school,gross_salary_at_proftability_high_school,age_of_profitability_less_than_high_school,gross_salary_at_proftability_less_than_high_school
0,Alabama,total,Total,42463,488,AL,59.83333333,16.04,73.46666667,0,0,0,0,,,,42463,,,,,
1,Alabama,total,Less_than_high_school_graduate,28515,1683,AL,59.83333333,16.04,73.46666667,0,0,0,0,16,39,-399210,28515,684360,26.16215253,346803.7794,#DIV/0!,#DIV/0!
2,Alabama,total,High_school_graduate_includes_equivalency,34127,1153,AL,59.83333333,16.04,73.46666667,0,0,0,0,18,39,-546032,34127,750794,#DIV/0!,#DIV/0!,26.16215253,346803.7794
3,Alabama,total,Some_college_or_associates_degree,39501,944,AL,59.83333333,16.04,73.46666667,5076.157895,10152.31579,110.1793045,13221.51654,20,39,-724239.5165,26279.48346,776798.4835,33.1610563,585655.3683,29.58579251,444428.8735
4,Alabama,total,Bachelors_degree,56640,1667,AL,59.83333333,16.04,73.46666667,7144.724138,28578.89655,310.1561271,37218.73525,22,39,-1170018.735,19421.26475,982301.2647,27.71672968,399856.8337,27.40653281,382287.283
5,Alabama,total,Graduate_or_professional_degree,70732,1893,AL,59.83333333,16.04,73.46666667,0,0,0,0,26,39,-1697568,70732,990248,31.45843464,527549.999,30.75438804,477751.375
18,Alaska,total,Total,53582,1470,AK,18.16666667,28.5,11,0,0,0,0,,,,53582,,,,,
19,Alaska,total,Less_than_high_school_graduate,41145,3279,AK,18.16666667,28.5,11,0,0,0,0,16,39,-576030,41145,987480,-150.5789474,-6771600.789,#DIV/0!,#DIV/0!
20,Alaska,total,High_school_graduate_includes_equivalency,40651,2478,AK,18.16666667,28.5,11,0,0,0,0,18,39,-650416,40651,894322,#DIV/0!,#DIV/0!,-150.5789474,-6771600.789
21,Alaska,total,Some_college_or_associates_degree,51499,2127,AK,18.16666667,28.5,11,7364,14728,159.8375022,19180.50026,20,39,-946162.5003,32318.49974,1010799.5,27.26276735,457842.7557,35.74777866,894812.353
22,Alaska,total,Bachelors_degree,67321,5978,AK,18.16666667,28.5,11,5589.8,22359.2,242.6560754,29118.72905,22,39,-1375538.729,38202.27095,1182659.271,27.18870375,454831.9962,30.5435792,680685.566
23,Alaska,total,Graduate_or_professional_degree,89202,4757,AK,18.16666667,28.5,11,0,0,0,0,26,39,-2140848,89202,1248828,30.69827604,597499.6193,32.56170797,763721.4745
36,Arizona,total,Total,48738,558,AZ,61.125,32.75757576,62.47058824,0,0,0,0,,,,48738,,,,,
37,Arizona,total,Less_than_high_school_graduate,31966,538,AZ,61.125,32.75757576,62.47058824,0,0,0,0,16,39,-447524,31966,767184,25.71463303,374469.9596,#DIV/0!,#DIV/0!
38,Arizona,total,High_school_graduate_includes_equivalency,38547,909,AZ,61.125,32.75757576,62.47058824,0,0,0,0,18,39,-616752,38547,848034,#DIV/0!,#DIV/0!,25.71463303,374469.9596
39,Arizona,total,Some_college_or_associates_degree,45115,797,AZ,61.125,32.75757576,62.47058824,5916.451613,11832.90323,128.4180945,15410.17133,20,39,-827480.1713,29704.82867,886889.8287,32.08406994,619992.6438,28.89620285,476172.0204
40,Arizona,total,Bachelors_degree,63471,839,AZ,61.125,32.75757576,62.47058824,8297.761905,33191.04762,360.210086,43225.21032,22,39,-1312645.21,20245.78968,1099252.79,27.92060706,459503.6403,27.45980671,430256.1812
41,Arizona,total,Graduate_or_professional_degree,76587,1626,AZ,61.125,32.75757576,62.47058824,0,0,0,0,26,39,-1838088,76587,1072218,32.10662461,620862.0587,31.16389144,548660.9538
54,Arkansas,total,Total,41385,401,AR,55.28,18.72,75.48275862,0,0,0,0,,,,41385,,,,,
55,Arkansas,total,Less_than_high_school_graduate,30770,1084,AR,55.28,18.72,75.48275862,0,0,0,0,16,39,-430780,30770,738480,32.42380571,566900.5017,#DIV/0!,#DIV/0!
56,Arkansas,total,High_school_graduate_includes_equivalency,34517,1008,AR,55.28,18.72,75.48275862,0,0,0,0,18,39,-552272,34517,759374,#DIV/0!,#DIV/0!,32.42380571,566900.5017
57,Arkansas,total,Some_college_or_associates_degree,38814,996,AR,55.28,18.72,75.48275862,4533.4,9066.8,98.3986057,11807.83268,20,39,-710459.8327,27006.16732,764472.1673,36.81355194,718421.3723,34.76875096,639054.4669
58,Arkansas,total,Bachelors_degree,53117,1497,AR,55.28,18.72,75.48275862,6423.125,25692.5,278.8311396,33459.73676,22,39,-1095799.737,19657.26324,922646.2632,29.22192133,456381.0586,29.75879253,484898.0463
59,Arkansas,total,Graduate_or_professional_degree,68769,2856,AR,55.28,18.72,75.48275862,0,0,0,0,26,39,-1650456,68769,962766,32.0618942,554408.402,32.09758152,556862.5832
72,California,total,Total,52520,233,CA,40.59016393,33.48108108,52.32758621,0,0,0,0,,,,52520,,,,,
73,California,total,Less_than_high_school_graduate,30843,186,CA,40.59016393,33.48108108,52.32758621,0,0,0,0,16,39,-431802,30843,740232,24.04879958,309935.1255,#DIV/0!,#DIV/0!
74,California,total,High_school_graduate_includes_equivalency,38507,460,CA,40.59016393,33.48108108,52.32758621,0,0,0,0,18,39,-616112,38507,847154,#DIV/0!,#DIV/0!,24.04879958,309935.1255
75,California,total,Some_college_or_associates_degree,47535,425,CA,40.59016393,33.48108108,52.32758621,6725.548387,13451.09677,145.9797467,17517.56961,20,39,-873147.5696,30017.43039,933182.4304,28.4709315,480218.1594,26.44054455,383703.7155
76,California,total,Bachelors_degree,75688,567,CA,40.59016393,33.48108108,52.32758621,6967.29697,27869.18788,302.453923,36294.47076,22,39,-1550054.471,39393.52924,1326089.529,25.1188099,351138.0127,24.93594538,337297.3635
77,California,total,Graduate_or_professional_degree,103600,734,CA,40.59016393,33.48108108,52.32758621,0,0,0,0,26,39,-2486400,103600,1450400,28.73255189,490292.3755,28.23917974,439179.0206
90,Colorado,total,Total,55648,720,CO,44.09375,53.29166667,64.72222222,0,0,0,0,,,,55648,,,,,
91,Colorado,total,Less_than_high_school_graduate,34357,1706,CO,44.09375,53.29166667,64.72222222,0,0,0,0,16,39,-480998,34357,824568,24.7112069,368004.9353,#DIV/0!,#DIV/0!
92,Colorado,total,High_school_graduate_includes_equivalency,42245,868,CO,44.09375,53.29166667,64.72222222,0,0,0,0,18,39,-675920,42245,929390,#DIV/0!,#DIV/0!,24.7112069,368004.9353
93,Colorado,total,Some_college_or_associates_degree,46542,821,CO,44.09375,53.29166667,64.72222222,6498.217391,12996.43478,141.0454694,16925.45632,20,39,-854681.4563,29616.54368,913914.5437,41.60145597,1081533.508,30.66749744,572645.2096
94,Colorado,total,Bachelors_degree,69493,1237,CO,44.09375,53.29166667,64.72222222,6707.46875,26829.875,291.1746472,34940.95766,22,39,-1424800.958,34552.04234,1215933.042,27.48388717,485136.8136,26.86142298,441879.9092
95,Colorado,total,Graduate_or_professional_degree,84468,1931,CO,44.09375,53.29166667,64.72222222,0,0,0,0,26,39,-2027232,84468,1182552,32.00416834,676096.0917,30.85617928,579127.7516
108,Connecticut,total,Total,58734,1178,CT,55.14814815,25.72727273,77.125,0,0,0,0,,,,58734,,,,,
109,Connecticut,total,Less_than_high_school_graduate,31767,1063,CT,55.14814815,25.72727273,77.125,0,0,0,0,16,39,-444738,31767,762408,22.45473941,268581.7068,#DIV/0!,#DIV/0!
110,Connecticut,total,High_school_graduate_includes_equivalency,41610,793,CT,55.14814815,25.72727273,77.125,0,0,0,0,18,39,-665760,41610,915420,#DIV/0!,#DIV/0!,22.45473941,268581.7068
111,Connecticut,total,Some_college_or_associates_degree,49709,1754,CT,55.14814815,25.72727273,77.125,6185.555556,12371.11111,134.2590643,16111.08772,20,39,-910873.0877,33597.91228,978068.9123,30.2646114,593550.4803,25.98010744,380572.0731
112,Connecticut,total,Bachelors_degree,75597,1766,CT,55.14814815,25.72727273,77.125,7916.615385,31666.46154,343.6643207,41239.71848,22,39,-1553179.718,34357.28152,1319506.282,26.11056341,420700.5433,25.28956693,358635.6726
113,Connecticut,total,Graduate_or_professional_degree,92566,1859,CT,55.14814815,25.72727273,77.125,0,0,0,0,26,39,-2221584,92566,1295924,30.53269487,604705.4337,29.22492146,483650.0801
126,Delaware,total,Total,50835,878,DE,43,82,57.66666667,0,0,0,0,,,,50835,,,,,
127,Delaware,total,Less_than_high_school_graduate,34578,2306,DE,43,82,57.66666667,0,0,0,0,16,39,-484092,34578,829872,29.19267455,525332.3006,#DIV/0!,#DIV/0!
128,Delaware,total,High_school_graduate_includes_equivalency,39820,2238,DE,43,82,57.66666667,0,0,0,0,18,39,-637120,39820,876040,#DIV/0!,#DIV/0!,29.19267455,525332.3006
129,Delaware,total,Some_college_or_associates_degree,44530,1758,DE,43,82,57.66666667,7577,15154,164.4607216,19735.28659,20,39,-821275.2866,24794.71341,870864.7134,39.09878696,919793.6969,33.88095725,687443.7399
130,Delaware,total,Bachelors_degree,64139,3027,DE,43,82,57.66666667,6695.8,26783.2,290.6681008,34880.17209,22,39,-1317660.172,29258.82791,1119621.828,27.98388799,477198.4199,28.19823998,490946.7421
131,Delaware,total,Graduate_or_professional_degree,79150,3804,DE,43,82,57.66666667,0,0,0,0,26,39,-1899600,79150,1108100,32.09966946,641088.838,31.75778516,614028.6951
144,District_of_Columbia,total,Total,83510,2750,DC,33.9,83.5,62.5,0,0,0,0,,,,83510,,,,,
145,District_of_Columbia,total,Less_than_high_school_graduate,26970,6116,DC,33.9,83.5,62.5,0,0,0,0,16,39,-377580,26970,647280,20.63840399,179037.7556,#DIV/0!,#DIV/0!
146,District_of_Columbia,total,High_school_graduate_includes_equivalency,38599,4544,DC,33.9,83.5,62.5,0,0,0,0,18,39,-617584,38599,849178,#DIV/0!,#DIV/0!,20.63840399,179037.7556
147,District_of_Columbia,total,Some_college_or_associates_degree,48566,3947,DC,33.9,83.5,62.5,6703,13406,145.4903282,17458.83939,20,39,-891646.8394,31107.16061,953861.1606,27.49702412,443773.6339,23.80379882,264408.4543
148,District_of_Columbia,total,Bachelors_degree,83903,2914,DC,33.9,83.5,62.5,6623,26492,287.5078156,34500.93787,22,39,-1712560.938,49402.06213,1475753.062,24.16954216,315336.1577,23.44828022,254820.1176
149,District_of_Columbia,total,Graduate_or_professional_degree,113205,6360,DC,33.9,83.5,62.5,0,0,0,0,26,39,-2716920,113205,1584870,28.13897006,468552.1052,27.12750043,354048.6867
162,Florida,total,Total,44036,330,FL,42.80701754,53.38461538,56.38983051,0,0,0,0,,,,44036,,,,,
163,Florida,total,Less_than_high_school_graduate,28063,876,FL,42.80701754,53.38461538,56.38983051,0,0,0,0,16,39,-392882,28063,673512,24.36951983,290999.8351,#DIV/0!,#DIV/0!
164,Florida,total,High_school_graduate_includes_equivalency,34769,469,FL,42.80701754,53.38461538,56.38983051,0,0,0,0,18,39,-556304,34769,764918,#DIV/0!,#DIV/0!,24.36951983,290999.8351
165,Florida,total,Some_college_or_associates_degree,41565,288,FL,42.80701754,53.38461538,56.38983051,7719.38,15438.76,167.5511159,20106.13391,20,39,-768276.1339,21458.86609,811193.8661,31.19072012,528166.1477,27.80285394,387349.4901
166,Florida,total,Bachelors_degree,56243,818,FL,42.80701754,53.38461538,56.38983051,6875.417476,27501.6699,298.4653872,35815.84647,22,39,-1160675.846,20427.15353,976558.1535,28.14435347,422247.0259,27.24605559,371724.058
167,Florida,total,Graduate_or_professional_degree,74215,1259,FL,42.80701754,53.38461538,56.38983051,0,0,0,0,26,39,-1781160,74215,1039010,31.05146276,523324.3087,30.08055989,451268.7522
180,Georgia,total,Total,47625,512,GA,52.5625,36.54761905,74.11111111,0,0,0,0,,,,47625,,,,,
181,Georgia,total,Less_than_high_school_graduate,30325,631,GA,52.5625,36.54761905,74.11111111,0,0,0,0,16,39,-424550,30325,727800,26.91809181,391741.1341,#DIV/0!,#DIV/0!
182,Georgia,total,High_school_graduate_includes_equivalency,35880,536,GA,52.5625,36.54761905,74.11111111,0,0,0,0,18,39,-574080,35880,789360,#DIV/0!,#DIV/0!,26.91809181,391741.1341
183,Georgia,total,Some_college_or_associates_degree,42139,452,GA,52.5625,36.54761905,74.11111111,6016.947368,12033.89474,130.5993805,15671.92566,20,39,-774173.9257,26467.07434,827108.0743,31.96899276,572967.4601,29.59403468,472889.1015
184,Georgia,total,Bachelors_degree,63803,738,GA,52.5625,36.54761905,74.11111111,6766.83871,27067.35484,293.7519275,35250.2313,22,39,-1311310.231,28552.7687,1113203.769,26.40225733,373232.9928,26.48784967,378694.0413
185,Georgia,total,Graduate_or_professional_degree,78550,1341,GA,52.5625,36.54761905,74.11111111,0,0,0,0,26,39,-1885200,78550,1099700,30.72697446,528403.8434,30.28823224,493940.6428
198,Hawaii,total,Total,50993,644,HI,23.88888889,23.11111111,45,0,0,0,0,,,,50993,,,,,
199,Hawaii,total,Less_than_high_school_graduate,29829,4287,HI,23.88888889,23.11111111,45,0,0,0,0,16,39,-417606,29829,715896,21.13761626,212907.9554,#DIV/0!,#DIV/0!
200,Hawaii,total,High_school_graduate_includes_equivalency,41441,1095,HI,23.88888889,23.11111111,45,0,0,0,0,18,39,-663056,41441,911702,#DIV/0!,#DIV/0!,21.13761626,212907.9554
201,Hawaii,total,Some_college_or_associates_degree,46737,1326,HI,23.88888889,23.11111111,45,5841.444444,11682.88889,126.7900447,15214.80536,20,39,-856480.8054,31522.19464,919525.1946,36.52281068,850485.7974,25.95663623,356654.5021
202,Hawaii,total,Bachelors_degree,61880,1700,HI,23.88888889,23.11111111,45,6376.875,25507.5,276.8234035,33218.80842,22,39,-1270818.808,28661.19158,1080621.192,29.73544735,569210.6737,26.62047388,376456.1155
203,Hawaii,total,Graduate_or_professional_degree,79653,2735,HI,23.88888889,23.11111111,45,0,0,0,0,26,39,-1911672,79653,1115142,32.676018,691070.8621,29.9868738,476872.4585
216,Idaho,total,Total,43844,772,ID,49.27272727,56.375,78.64285714,0,0,0,0,,,,43844,,,,,
217,Idaho,total,Less_than_high_school_graduate,35192,2579,ID,49.27272727,56.375,78.64285714,0,0,0,0,16,39,-492688,35192,844608,47.79042457,1189152.621,#DIV/0!,#DIV/0!
218,Idaho,total,High_school_graduate_includes_equivalency,37406,1078,ID,49.27272727,56.375,78.64285714,0,0,0,0,18,39,-598496,37406,822932,#DIV/0!,#DIV/0!,47.79042457,1189152.621
219,Idaho,total,Some_college_or_associates_degree,40546,696,ID,49.27272727,56.375,78.64285714,6051.25,12102.5,131.3439279,15761.27135,20,39,-745589.2713,24784.72865,795158.7287,46.84499088,1153787.729,47.23594908,1169639.52
220,Idaho,total,Bachelors_degree,54796,2048,ID,49.27272727,56.375,78.64285714,6238.636364,24954.54545,270.8223936,32498.68724,22,39,-1128418.687,22297.31276,953829.3128,30.47283998,541371.0523,32.42862106,648540.0323
221,Idaho,total,Graduate_or_professional_degree,72869,3340,ID,49.27272727,56.375,78.64285714,0,0,0,0,26,39,-1748856,72869,1020166,32.43831599,614891.648,33.34044643,680628.9906
234,Illinois,total,Total,51922,298,IL,58.70588235,19.6779661,68.91428571,0,0,0,0,,,,51922,,,,,
235,Illinois,total,Less_than_high_school_graduate,31826,508,IL,58.70588235,19.6779661,68.91428571,0,0,0,0,16,39,-445564,31826,763824,25.17175793,355552.3677,#DIV/0!,#DIV/0!
236,Illinois,total,High_school_graduate_includes_equivalency,38766,778,IL,58.70588235,19.6779661,68.91428571,0,0,0,0,18,39,-620256,38766,852852,#DIV/0!,#DIV/0!,25.17175793,355552.3677
237,Illinois,total,Some_college_or_associates_degree,44169,589,IL,58.70588235,19.6779661,68.91428571,5023.929825,10047.85965,109.0456809,13085.48171,20,39,-808127.4817,31083.51829,870294.5183,34.77169752,727703.6261,29.37401618,489293.4389
238,Illinois,total,Bachelors_degree,68489,1145,IL,58.70588235,19.6779661,68.91428571,6720.409091,26881.63636,291.736394,35008.36728,22,39,-1404788.367,33480.63272,1197793.633,26.39479081,402964.4606,26.16328089,387108.5776
239,Illinois,total,Graduate_or_professional_degree,84140,1200,IL,58.70588235,19.6779661,68.91428571,0,0,0,0,26,39,-2019360,84140,1177960,30.83492749,575090.7991,30.08364874,511878.2047
252,Indiana,total,Total,46623,410,IN,54.49056604,69,76.36666667,0,0,0,0,,,,46623,,,,,
253,Indiana,total,Less_than_high_school_graduate,32019,746,IN,54.49056604,69,76.36666667,0,0,0,0,16,39,-448266,32019,768456,25.80073462,377847.7218,#DIV/0!,#DIV/0!
254,Indiana,total,High_school_graduate_includes_equivalency,38553,630,IN,54.49056604,69,76.36666667,0,0,0,0,18,39,-616848,38553,848166,#DIV/0!,#DIV/0!,25.80073462,377847.7218
255,Indiana,total,Some_college_or_associates_degree,44403,656,IN,54.49056604,69,76.36666667,7986,15972,173.3381712,20800.58054,20,39,-820054.5805,23602.41946,867259.4195,34.73616761,722335.47,30.02168771,512998.4186
256,Indiana,total,Bachelors_degree,58609,1231,IN,54.49056604,69,76.36666667,6719.843137,26879.37255,291.7118257,35005.41908,22,39,-1207185.419,23603.58092,1019956.581,29.43445448,517938.5236,28.54153513,465605.4133
257,Indiana,total,Graduate_or_professional_degree,73559,2217,IN,54.49056604,69,76.36666667,0,0,0,0,26,39,-1765416,73559,1029826,32.8106039,648099.212,31.7079923,566992.2053
270,Iowa,total,Total,48569,620,IA,67.32352941,61.2,88,0,0,0,0,,,,48569,,,,,
271,Iowa,total,Less_than_high_school_graduate,32968,2066,IA,67.32352941,61.2,88,0,0,0,0,16,39,-461552,32968,791232,26.18946067,401862.1394,#DIV/0!,#DIV/0!
272,Iowa,total,High_school_graduate_includes_equivalency,39439,863,IA,67.32352941,61.2,88,0,0,0,0,18,39,-631024,39439,867658,#DIV/0!,#DIV/0!,26.18946067,401862.1394
273,Iowa,total,Some_college_or_associates_degree,45837,899,IA,67.32352941,61.2,88,6033.114286,12066.22857,130.9502876,15714.03451,20,39,-840780.0345,30122.96549,901025.9655,32.78462559,661968.8486,29.46833744,509960.1487
274,Iowa,total,Bachelors_degree,58561,1365,IA,67.32352941,61.2,88,7812.363636,31249.45455,339.138699,40696.64388,22,39,-1211916.644,17864.35612,1013401.356,30.37823679,567063.2807,29.31913585,505041.2708
275,Iowa,total,Graduate_or_professional_degree,73926,1640,IA,67.32352941,61.2,88,0,0,0,0,26,39,-1774224,73926,1034964,33.14872271,676328.4748,32.04922115,595046.723
288,Kansas,total,Total,47295,608,KS,66.32258065,39.27586207,74.81818182,0,0,0,0,,,,47295,,,,,
289,Kansas,total,Less_than_high_school_graduate,32838,1788,KS,66.32258065,39.27586207,74.81818182,0,0,0,0,16,39,-459732,32838,788112,33.18817064,630101.1473,#DIV/0!,#DIV/0!
290,Kansas,total,High_school_graduate_includes_equivalency,36659,834,KS,66.32258065,39.27586207,74.81818182,0,0,0,0,18,39,-586544,36659,806498,#DIV/0!,#DIV/0!,33.18817064,630101.1473
291,Kansas,total,Some_college_or_associates_degree,42026,612,KS,66.32258065,39.27586207,74.81818182,5274.517241,10549.03448,114.4847448,13738.16938,20,39,-770206.1694,28287.83062,826781.8306,34.22063898,667950.4042,33.79126789,649905.655
292,Kansas,total,Bachelors_degree,58583,1296,KS,66.32258065,39.27586207,74.81818182,6435.333333,25741.33333,279.3611096,33523.33316,22,39,-1205183.333,25059.66684,1020970.667,28.21744815,447879.4316,28.9551887,491098.4866
293,Kansas,total,Graduate_or_professional_degree,70216,2564,KS,66.32258065,39.27586207,74.81818182,0,0,0,0,26,39,-1685184,70216,983024,32.73951784,613653.9843,32.78538178,616874.3667
306,Kentucky,total,Total,43032,581,KY,57.58823529,29.68181818,66.27272727,0,0,0,0,,,,43032,,,,,
307,Kentucky,total,Less_than_high_school_graduate,27314,1182,KY,57.58823529,29.68181818,66.27272727,0,0,0,0,16,39,-382396,27314,655536,22.83961437,241445.227,#DIV/0!,#DIV/0!
308,Kentucky,total,High_school_graduate_includes_equivalency,35301,680,KY,57.58823529,29.68181818,66.27272727,0,0,0,0,18,39,-564816,35301,776622,#DIV/0!,#DIV/0!,22.83961437,241445.227
309,Kentucky,total,Some_college_or_associates_degree,40667,587,KY,57.58823529,29.68181818,66.27272727,5273.761905,10547.52381,114.4683501,13736.20201,20,39,-745742.202,26930.79799,799603.798,33.71714536,625432.9484,27.21082918,360840.5882
310,Kentucky,total,Bachelors_degree,55682,1551,KY,57.58823529,29.68181818,66.27272727,6866.8125,27467.25,298.0918408,35771.0209,22,39,-1149411.021,19910.9791,966504.9791,28.68333354,447734.3573,27.03803655,356120.9304
311,Kentucky,total,Graduate_or_professional_degree,67351,2115,KY,57.58823529,29.68181818,66.27272727,0,0,0,0,26,39,-1616424,67351,942914,32.81148206,593462.1282,30.82218947,459481.2833
324,Louisiana,total,Total,43207,748,LA,52.92592593,56.82142857,66.08333333,0,0,0,0,,,,43207,,,,,
325,Louisiana,total,Less_than_high_school_graduate,25977,890,LA,52.92592593,56.82142857,66.08333333,0,0,0,0,16,39,-363678,25977,623448,22.84415755,229744.6808,#DIV/0!,#DIV/0!
326,Louisiana,total,High_school_graduate_includes_equivalency,33568,1577,LA,52.92592593,56.82142857,66.08333333,0,0,0,0,18,39,-537088,33568,738496,#DIV/0!,#DIV/0!,22.84415755,229744.6808
327,Louisiana,total,Some_college_or_associates_degree,40916,730,LA,52.92592593,56.82142857,66.08333333,6503.851852,13007.7037,141.1677668,16940.13201,20,39,-753428.132,23975.86799,801379.868,29.44204301,451222.4996,26.08943919,314047.3618
328,Louisiana,total,Bachelors_degree,55685,1818,LA,52.92592593,56.82142857,66.08333333,6089.384615,24357.53846,264.343299,31721.19587,22,39,-1145421.196,23963.80413,970608.8041,27.50523108,386207.597,26.31423172,319886.7973
329,Louisiana,total,Graduate_or_professional_degree,65857,2150,LA,52.92592593,56.82142857,66.08333333,0,0,0,0,26,39,-1580568,65857,921998,32.3168881,547725.2999,30.51379137,428978.7585
342,Maine,total,Total,45966,802,ME,57.73684211,32.44444444,59.5,0,0,0,0,,,,45966,,,,,
343,Maine,total,Less_than_high_school_graduate,31011,1816,ME,57.73684211,32.44444444,59.5,0,0,0,0,16,39,-434154,31011,744264,27.56263982,420591.0235,#DIV/0!,#DIV/0!
344,Maine,total,High_school_graduate_includes_equivalency,36375,1080,ME,57.73684211,32.44444444,59.5,0,0,0,0,18,39,-582000,36375,800250,#DIV/0!,#DIV/0!,27.56263982,420591.0235
345,Maine,total,Some_college_or_associates_degree,43898,1709,ME,57.73684211,32.44444444,59.5,5897.888889,11795.77778,128.0151858,15361.82229,20,39,-805525.8223,28536.17771,862598.1777,29.71232518,498785.8283,28.8175543,459507.1765
346,Maine,total,Bachelors_degree,53866,1760,ME,57.73684211,32.44444444,59.5,7844.052632,31376.21053,340.5143345,40861.72014,22,39,-1118181.72,13004.27986,928726.2799,30.65472072,533065.4662,29.9290186,493974.7959
347,Maine,total,Graduate_or_professional_degree,69390,3263,ME,57.73684211,32.44444444,59.5,0,0,0,0,26,39,-1665360,69390,971460,32.81417537,611615.6293,32.08020011,560685.0856
360,Maryland,total,Total,61166,532,MD,40.76666667,21.77777778,74.73913043,0,0,0,0,,,,61166,,,,,
361,Maryland,total,Less_than_high_school_graduate,33805,1890,MD,40.76666667,21.77777778,74.73913043,0,0,0,0,16,39,-473270,33805,811320,25.54539037,390291.9215,#DIV/0!,#DIV/0!
362,Maryland,total,High_school_graduate_includes_equivalency,40888,673,MD,40.76666667,21.77777778,74.73913043,0,0,0,0,18,39,-654208,40888,899536,#DIV/0!,#DIV/0!,25.54539037,390291.9215
363,Maryland,total,Some_college_or_associates_degree,50548,879,MD,40.76666667,21.77777778,74.73913043,5113.882353,10227.76471,110.9981235,13319.77482,20,39,-923183.7748,37228.22518,997640.2252,27.84428311,484289.0477,26.87175386,435129.6391
364,Maryland,total,Bachelors_degree,76711,1358,MD,40.76666667,21.77777778,74.73913043,6967.76,27871.04,302.4740234,36296.88281,22,39,-1570516.883,40414.11719,1344501.117,25.57878689,391657.4384,25.57327373,391234.5186
365,Maryland,total,Graduate_or_professional_degree,99484,1941,MD,40.76666667,21.77777778,74.73913043,0,0,0,0,26,39,-2387616,99484,1392776,29.58236057,555355.559,29.14700285,512044.4312
378,Massachusetts,total,Total,62009,462,MA,58.80821918,29.0952381,56.35294118,0,0,0,0,,,,62009,,,,,
379,Massachusetts,total,Less_than_high_school_graduate,34472,2061,MA,58.80821918,29.0952381,56.35294118,0,0,0,0,16,39,-482608,34472,827328,24.92594511,376639.1797,#DIV/0!,#DIV/0!
380,Massachusetts,total,High_school_graduate_includes_equivalency,42196,531,MA,58.80821918,29.0952381,56.35294118,0,0,0,0,18,39,-675136,42196,928312,#DIV/0!,#DIV/0!,24.92594511,376639.1797
381,Massachusetts,total,Some_college_or_associates_degree,49021,1132,MA,58.80821918,29.0952381,56.35294118,5426.947368,10853.89474,117.7932797,14135.19357,20,39,-896513.1936,34885.80643,966284.8064,32.43621884,693542.6901,28.4490476,498087.5689
382,Massachusetts,total,Bachelors_degree,77137,1049,MA,58.80821918,29.0952381,56.35294118,8086.506849,32346.0274,351.039396,42124.72752,22,39,-1584864.728,35012.27248,1346341.272,26.03613885,423484.9149,25.83515124,407981.3334
383,Massachusetts,total,Graduate_or_professional_degree,95136,1232,MA,58.80821918,29.0952381,56.35294118,0,0,0,0,26,39,-2283264,95136,1331904,30.37642614,606627.6775,29.68244758,540605.333
396,Michigan,total,Total,47259,406,MI,53,22.52941176,61.22807018,0,0,0,0,,,,47259,,,,,
397,Michigan,total,Less_than_high_school_graduate,30404,670,MI,53,22.52941176,61.22807018,0,0,0,0,16,39,-425656,30404,729696,27.13495697,399355.2316,#DIV/0!,#DIV/0!
398,Michigan,total,High_school_graduate_includes_equivalency,35865,453,MI,53,22.52941176,61.22807018,0,0,0,0,18,39,-573840,35865,789030,#DIV/0!,#DIV/0!,27.13495697,399355.2316
399,Michigan,total,Some_college_or_associates_degree,41762,337,MI,53,22.52941176,61.22807018,5538.172414,11076.34483,120.2074478,14424.89373,20,39,-766140.8937,27337.10627,820815.1063,32.60995315,595715.9698,29.97753951,485781.1112
400,Michigan,total,Bachelors_degree,63077,740,MI,53,22.52941176,61.22807018,7466.020408,29864.08163,324.1037624,38892.45149,22,39,-1300432.451,24184.54851,1096493.549,26.70117784,383797.7434,26.77368015,388370.9712
401,Michigan,total,Graduate_or_professional_degree,78984,1580,MI,53,22.52941176,61.22807018,0,0,0,0,26,39,-1895616,78984,1105776,30.65414319,525570.8453,30.25854261,494324.7295
414,Minnesota,total,Total,54047,337,MN,58.31111111,30.29411765,54.4,0,0,0,0,,,,54047,,,,,
415,Minnesota,total,Less_than_high_school_graduate,33274,1795,MN,58.31111111,30.29411765,54.4,0,0,0,0,16,39,-465836,33274,798576,25.89855719,395912.592,#DIV/0!,#DIV/0!
416,Minnesota,total,High_school_graduate_includes_equivalency,39997,757,MN,58.31111111,30.29411765,54.4,0,0,0,0,18,39,-639952,39997,879934,#DIV/0!,#DIV/0!,25.89855719,395912.592
417,Minnesota,total,Some_college_or_associates_degree,49014,708,MN,58.31111111,30.29411765,54.4,5576.290323,11152.58065,121.0348067,14524.1768,20,39,-896776.1768,34489.8232,965755.8232,28.4822199,499251.3492,27.37866435,445161.6774
418,Minnesota,total,Bachelors_degree,68504,1126,MN,58.31111111,30.29411765,54.4,8508.714286,34034.85714,369.3676367,44324.1164,22,39,-1414404.116,24179.8836,1188747.884,27.16708585,446649.9328,26.9250104,430066.7961
419,Minnesota,total,Graduate_or_professional_degree,82324,1259,MN,58.31111111,30.29411765,54.4,0,0,0,0,26,39,-1975776,82324,1152536,31.55961916,622338.0874,30.78369011,558460.5048
432,Mississippi,total,Total,40342,446,MS,53.25,17.1875,62.8,0,0,0,0,,,,40342,,,,,
433,Mississippi,total,Less_than_high_school_graduate,26775,1916,MS,53.25,17.1875,62.8,0,0,0,0,16,39,-374850,26775,642600,24.90422348,291960.5836,#DIV/0!,#DIV/0!
434,Mississippi,total,High_school_graduate_includes_equivalency,32789,1316,MS,53.25,17.1875,62.8,0,0,0,0,18,39,-524624,32789,721358,#DIV/0!,#DIV/0!,24.90422348,291960.5836
435,Mississippi,total,Some_college_or_associates_degree,37485,981,MS,53.25,17.1875,62.8,4131.769231,8263.538462,89.6811072,10761.73286,20,39,-685491.7329,26723.26714,738938.2671,34.25633153,598606.8545,29.00483033,401754.3322
436,Mississippi,total,Bachelors_degree,50731,1381,MS,53.25,17.1875,62.8,6321.466667,25285.86667,274.4180994,32930.17193,22,39,-1047550.172,17800.82807,880227.8281,29.14536684,431023.4335,28.08065503,377009.5385
437,Mississippi,total,Graduate_or_professional_degree,57266,2090,MS,53.25,17.1875,62.8,0,0,0,0,26,39,-1374384,57266,801724,34.71667279,613700.9843,32.78127972,502868.7646
450,Missouri,total,Total,45456,476,MO,62.94915254,43.92,56.6,0,0,0,0,,,,45456,,,,,
451,Missouri,total,Less_than_high_school_graduate,28414,1565,MO,62.94915254,43.92,56.6,0,0,0,0,16,39,-397796,28414,681936,23.89497083,281155.701,#DIV/0!,#DIV/0!
452,Missouri,total,High_school_graduate_includes_equivalency,35612,519,MO,62.94915254,43.92,56.6,0,0,0,0,18,39,-569792,35612,783464,#DIV/0!,#DIV/0!,23.89497083,281155.701
453,Missouri,total,Some_college_or_associates_degree,41874,441,MO,62.94915254,43.92,56.6,5390,10780,116.9913276,14038.95932,20,39,-767770.9593,27835.04068,823441.0407,31.6159309,556114.5313,27.48699549,383219.4899
454,Missouri,total,Bachelors_degree,57693,1123,MO,62.94915254,43.92,56.6,6799.964912,27199.85965,295.1899529,35422.79435,22,39,-1189282.794,22270.20565,1003051.206,28.05537767,429316.1096,27.03257606,370307.6161
455,Missouri,total,Graduate_or_professional_degree,70894,1418,MO,62.94915254,43.92,56.6,0,0,0,0,26,39,-1701456,70894,992516,32.07482569,572456.6925,30.68879473,474195.4134
468,Montana,total,Total,43414,1266,MT,41,36.9,53.6,0,0,0,0,,,,43414,,,,,
469,Montana,total,Less_than_high_school_graduate,30133,4113,MT,41,36.9,53.6,0,0,0,0,16,39,-421862,30133,723192,26.87637611,388003.8412,#DIV/0!,#DIV/0!
470,Montana,total,High_school_graduate_includes_equivalency,35674,923,MT,41,36.9,53.6,0,0,0,0,18,39,-570784,35674,784828,#DIV/0!,#DIV/0!,26.87637611,388003.8412
471,Montana,total,Some_college_or_associates_degree,39948,1161,MT,41,36.9,53.6,5424.142857,10848.28571,117.7324071,14127.88885,20,39,-733191.8888,25820.11115,784832.1112,37.9990381,784793.6853,31.71980528,533950.8926
472,Montana,total,Bachelors_degree,50894,1378,MT,41,36.9,53.6,6190.272727,24761.09091,268.7229035,32246.74842,22,39,-1050126.748,18647.25158,883845.2516,31.49426731,552742.4919,30.26177681,490016.1207
473,Montana,total,Graduate_or_professional_degree,68235,2421,MT,41,36.9,53.6,0,0,0,0,26,39,-1637640,68235,955290,32.76484137,598068.9512,31.90850874,539637.0939
486,Nebraska,total,Total,49244,870,NE,56.1,49.41176471,,0,0,0,0,,,,49244,,,,,
487,Nebraska,total,Less_than_high_school_graduate,33308,2022,NE,56.1,49.41176471,,0,0,0,0,16,39,-466312,33308,799392,28.22311927,473743.6565,#DIV/0!,#DIV/0!
488,Nebraska,total,High_school_graduate_includes_equivalency,38758,1570,NE,56.1,49.41176471,,0,0,0,0,18,39,-620128,38758,852676,#DIV/0!,#DIV/0!,28.22311927,473743.6565
489,Nebraska,total,Some_college_or_associates_degree,44111,1179,NE,56.1,49.41176471,,6015.066667,12030.13333,130.5585594,15667.02713,20,39,-809665.0271,28443.97287,866552.9729,35.40762696,752200.8058,31.78311831,592320.1047
490,Nebraska,total,Bachelors_degree,58817,1729,NE,56.1,49.41176471,,6964.052632,27856.21053,302.3130847,36277.57016,22,39,-1212617.57,22539.42984,1022428.43,29.53734335,524680.3534,29.25655926,508165.4758
491,Nebraska,total,Graduate_or_professional_degree,74208,2651,NE,56.1,49.41176471,,0,0,0,0,26,39,-1780992,74208,1038912,32.74651622,649061.4757,32.14376528,604332.534
504,Nevada,total,Total,44247,729,NV,37.36363636,83.5,66.72727273,0,0,0,0,,,,44247,,,,,
505,Nevada,total,Less_than_high_school_graduate,34591,1524,NV,37.36363636,83.5,66.72727273,0,0,0,0,16,39,-484274,34591,830184,39.13779264,869541.3853,#DIV/0!,#DIV/0!
506,Nevada,total,High_school_graduate_includes_equivalency,37581,1246,NV,37.36363636,83.5,66.72727273,0,0,0,0,18,39,-601296,37581,826782,#DIV/0!,#DIV/0!,39.13779264,869541.3853
507,Nevada,total,Some_college_or_associates_degree,43743,1130,NV,37.36363636,83.5,66.72727273,7379.25,14758.5,160.1685073,19220.22088,20,39,-806594.2209,24522.77912,855639.7791,33.31681611,650783.2663,35.2185556,733971.0569
508,Nevada,total,Bachelors_degree,59999,2381,NV,37.36363636,83.5,66.72727273,6775.545455,27102.18182,294.1298917,35295.58701,22,39,-1235275.587,24703.41299,1044686.413,28.27993519,461492.2442,29.55768211,538155.7818
509,Nevada,total,Graduate_or_professional_degree,75253,2169,NV,37.36363636,83.5,66.72727273,0,0,0,0,26,39,-1806072,75253,1053542,31.9806753,600569.7585,32.50695982,640174.247
522,New_Hampshire,total,Total,55756,1483,NH,69.35714286,44.57142857,77.33333333,0,0,0,0,,,,55756,,,,,
523,New_Hampshire,total,Less_than_high_school_graduate,38365,2874,NH,69.35714286,44.57142857,77.33333333,0,0,0,0,16,39,-537110,38365,920760,35.32745592,818227.8463,#DIV/0!,#DIV/0!
524,New_Hampshire,total,High_school_graduate_includes_equivalency,42335,1476,NH,69.35714286,44.57142857,77.33333333,0,0,0,0,18,39,-677360,42335,931370,#DIV/0!,#DIV/0!,35.32745592,818227.8463
525,New_Hampshire,total,Some_college_or_associates_degree,48955,2127,NH,69.35714286,44.57142857,77.33333333,5622.714286,11245.42857,122.0424507,14645.09408,20,39,-895835.0941,34309.90592,964454.9059,33.00228007,719791.5269,33.87394656,762463.9598
526,New_Hampshire,total,Bachelors_degree,67982,2341,NH,69.35714286,44.57142857,77.33333333,7527.571429,30110.28571,326.7757237,39213.08684,22,39,-1398853.087,28768.91316,1184462.913,28.13167571,513594.491,29.09623145,579166.9196
527,New_Hampshire,total,Graduate_or_professional_degree,84072,2366,NH,69.35714286,44.57142857,77.33333333,0,0,0,0,26,39,-2017728,84072,1177008,32.11462252,682212.5443,32.39368149,705673.5905
540,New_Jersey,total,Total,60145,574,NJ,32.45614035,37.75675676,62.74468085,0,0,0,0,,,,60145,,,,,
541,New_Jersey,total,Less_than_high_school_graduate,31962,603,NJ,32.45614035,37.75675676,62.74468085,0,0,0,0,16,39,-447468,31962,767088,23.76624954,312148.8679,#DIV/0!,#DIV/0!
542,New_Jersey,total,High_school_graduate_includes_equivalency,40193,538,NJ,32.45614035,37.75675676,62.74468085,0,0,0,0,18,39,-643088,40193,884246,#DIV/0!,#DIV/0!,23.76624954,312148.8679
543,New_Jersey,total,Some_college_or_associates_degree,50489,568,NJ,32.45614035,37.75675676,62.74468085,6099.470588,12198.94118,132.3905681,15886.86817,20,39,-924688.8682,34602.13183,993893.1318,27.35051167,456211.1156,25.75812966,375813.3401
544,New_Jersey,total,Bachelors_degree,76725,1057,NJ,32.45614035,37.75675676,62.74468085,7403.176471,29612.70588,321.375675,38565.081,22,39,-1573065.081,38159.919,1342484.919,25.4565061,380085.3498,25.1457025,356238.9433
545,New_Jersey,total,Graduate_or_professional_degree,98247,1908,NJ,32.45614035,37.75675676,62.74468085,0,0,0,0,26,39,-2357928,98247,1375458,29.53870534,544161.1839,28.82190541,473737.7407
558,New_Mexico,total,Total,41866,573,NM,34.16666667,12,70.75,0,0,0,0,,,,41866,,,,,
559,New_Mexico,total,Less_than_high_school_graduate,26396,1303,NM,34.16666667,12,70.75,0,0,0,0,16,39,-369544,26396,633504,25.48643306,303195.8872,#DIV/0!,#DIV/0!
560,New_Mexico,total,High_school_graduate_includes_equivalency,31961,744,NM,34.16666667,12,70.75,0,0,0,0,18,39,-511376,31961,703142,#DIV/0!,#DIV/0!,25.48643306,303195.8872
561,New_Mexico,total,Some_college_or_associates_degree,39701,1458,NM,34.16666667,12,70.75,4694.631579,9389.263158,101.8981783,12227.7814,20,39,-726845.7814,27473.2186,781792.2186,27.83847305,378369.4371,26.85469984,339312.657
562,New_Mexico,total,Bachelors_degree,55322,1829,NM,34.16666667,12,70.75,6000.7,24002.8,260.4934545,31259.21454,22,39,-1137699.215,24062.78546,964536.7855,26.81063373,345518.6646,26.55587411,331424.853
563,New_Mexico,total,Graduate_or_professional_degree,73105,2622,NM,34.16666667,12,70.75,0,0,0,0,26,39,-1754520,73105,1023470,30.21446626,454308.5563,29.65115931,413128.001
576,New_York,total,Total,53631,311,NY,37.30102041,36.09090909,61.19148936,0,0,0,0,,,,53631,,,,,
577,New_York,total,Less_than_high_school_graduate,29259,783,NY,37.30102041,36.09090909,61.19148936,0,0,0,0,16,39,-409626,29259,702216,23.20842572,269429.3282,#DIV/0!,#DIV/0!
578,New_York,total,High_school_graduate_includes_equivalency,37377,416,NY,37.30102041,36.09090909,61.19148936,0,0,0,0,18,39,-598032,37377,822294,#DIV/0!,#DIV/0!,23.20842572,269429.3282
579,New_York,total,Some_college_or_associates_degree,46298,626,NY,37.30102041,36.09090909,61.19148936,5930.492308,11860.98462,128.7228513,15446.74216,20,39,-848810.7422,30851.25784,910513.2578,28.1110573,452674.9886,25.77526511,344532.4818
580,New_York,total,Bachelors_degree,71567,807,NY,37.30102041,36.09090909,61.19148936,7706.863309,30827.45324,334.5588759,40147.06511,22,39,-1471487.065,31419.93489,1248058.935,25.5470917,356841.6463,25.09835173,324726.6733
581,New_York,total,Graduate_or_professional_degree,87776,1143,NY,37.30102041,36.09090909,61.19148936,0,0,0,0,26,39,-2106624,87776,1228864,29.93297486,520772.8014,29.00008545,438887.5
594,North_Carolina,total,Total,46075,437,NC,62.79032258,11.27692308,65.32,0,0,0,0,,,,46075,,,,,
595,North_Carolina,total,Less_than_high_school_graduate,30324,538,NC,62.79032258,11.27692308,65.32,0,0,0,0,16,39,-424536,30324,727776,28.26450961,432556.9893,#DIV/0!,#DIV/0!
596,North_Carolina,total,High_school_graduate_includes_equivalency,35269,606,NC,62.79032258,11.27692308,65.32,0,0,0,0,18,39,-564304,35269,775918,#DIV/0!,#DIV/0!,28.26450961,432556.9893
597,North_Carolina,total,Some_college_or_associates_degree,41354,353,NC,62.79032258,11.27692308,65.32,6850.232558,13700.46512,148.6860485,17842.32582,20,39,-762214.3258,23511.67418,809237.6742,32.52429348,582795.3067,30.61453543,503819.1725
598,North_Carolina,total,Bachelors_degree,59713,990,NC,62.79032258,11.27692308,65.32,7294.193548,29176.77419,316.6446706,37997.36047,22,39,-1232257.36,21715.63953,1036836.64,27.32586158,399451.8121,27.48379872,408882.7123
599,North_Carolina,total,Graduate_or_professional_degree,76062,1365,NC,62.79032258,11.27692308,65.32,0,0,0,0,26,39,-1825488,76062,1064868,30.91667688,526096.2769,30.62993572,504286.1708
612,North_Dakota,total,Total,50304,904,ND,49.53333333,55.33333333,47,0,0,0,0,,,,50304,,,,,
613,North_Dakota,total,Less_than_high_school_graduate,41762,2849,ND,49.53333333,55.33333333,47,0,0,0,0,16,39,-584668,41762,1002288,-17.25,-1305062.5,#DIV/0!,#DIV/0!
614,North_Dakota,total,High_school_graduate_includes_equivalency,39250,1816,ND,49.53333333,55.33333333,47,0,0,0,0,18,39,-628000,39250,863500,#DIV/0!,#DIV/0!,-17.25,-1305062.5
615,North_Dakota,total,Some_college_or_associates_degree,47258,1504,ND,49.53333333,55.33333333,47,7183.375,14366.75,155.9169904,18710.03885,20,39,-869354.0388,28547.96115,926449.9612,30.13911574,554960.2928,51.7987698,1578552.225
616,North_Dakota,total,Bachelors_degree,56830,2007,ND,49.53333333,55.33333333,47,7827.727273,31310.90909,339.8056423,40776.67708,22,39,-1177376.677,16053.32292,982163.3229,31.2500954,598566.2443,39.33559046,1058064.929
617,North_Dakota,total,Graduate_or_professional_degree,71211,4930,ND,49.53333333,55.33333333,47,0,0,0,0,26,39,-1709064,71211,996954,33.82447358,699610.5879,38.18112669,1009852.213
630,Ohio,total,Total,47521,357,OH,58.70093458,57.84210526,56.31506849,0,0,0,0,,,,47521,,,,,
631,Ohio,total,Less_than_high_school_graduate,30152,910,OH,58.70093458,57.84210526,56.31506849,0,0,0,0,16,39,-422128,30152,723648,24.91148219,329003.0111,#DIV/0!,#DIV/0!
632,Ohio,total,High_school_graduate_includes_equivalency,36919,427,OH,58.70093458,57.84210526,56.31506849,0,0,0,0,18,39,-590704,36919,812218,#DIV/0!,#DIV/0!,24.91148219,329003.0111
633,Ohio,total,Some_college_or_associates_degree,42690,433,OH,58.70093458,57.84210526,56.31506849,6037.690141,12075.38028,131.0496077,15725.95292,20,39,-784145.9529,26964.04708,838074.0471,33.51965914,646808.296,28.87366031,448470.6056
634,Ohio,total,Bachelors_degree,62605,681,OH,58.70093458,57.84210526,56.31506849,6575.704762,26302.81905,285.4547051,34254.56461,22,39,-1286354.565,28350.43539,1092635.435,27.08286867,409168.4284,26.63009782,380822.7095
635,Ohio,total,Graduate_or_professional_degree,77691,1125,OH,58.70093458,57.84210526,56.31506849,0,0,0,0,26,39,-1864584,77691,1087674,31.24399097,562792.9028,30.34258188,492761.5288
648,Oklahoma,total,Total,42362,311,OK,48.7037037,26.28571429,30.34285714,0,0,0,0,,,,42362,,,,,
649,Oklahoma,total,Less_than_high_school_graduate,30354,983,OK,48.7037037,26.28571429,30.34285714,0,0,0,0,16,39,-424956,30354,728496,28.19525914,430882.8959,#DIV/0!,#DIV/0!
650,Oklahoma,total,High_school_graduate_includes_equivalency,35332,406,OK,48.7037037,26.28571429,30.34285714,0,0,0,0,18,39,-565312,35332,777304,#DIV/0!,#DIV/0!,28.19525914,430882.8959
651,Oklahoma,total,Some_college_or_associates_degree,40237,525,OK,48.7037037,26.28571429,30.34285714,5578.157895,11156.31579,121.0753428,14529.04114,20,39,-738795.0411,25707.95886,790210.9589,35.36861185,684331.794,31.75544279,538948.7106
652,Oklahoma,total,Bachelors_degree,53732,1026,OK,48.7037037,26.28571429,30.34285714,6596.37037,26385.48148,286.3518097,34362.21717,22,39,-1109002.217,19369.78283,932813.7828,29.54838137,478691.4105,29.26025396,463209.7488
653,Oklahoma,total,Graduate_or_professional_degree,70191,1657,OK,48.7037037,26.28571429,30.34285714,0,0,0,0,26,39,-1684584,70191,982674,32.10855159,569147.3449,31.61954966,534823.8105
666,Oregon,total,Total,48807,906,OR,60.125,41.77142857,64.71428571,0,0,0,0,,,,48807,,,,,
667,Oregon,total,Less_than_high_school_graduate,30994,1258,OR,60.125,41.77142857,64.71428571,0,0,0,0,16,39,-433916,30994,743856,25.85500795,367434.1164,#DIV/0!,#DIV/0!
668,Oregon,total,High_school_graduate_includes_equivalency,37284,835,OR,60.125,41.77142857,64.71428571,0,0,0,0,18,39,-596544,37284,820248,#DIV/0!,#DIV/0!,25.85500795,367434.1164
669,Oregon,total,Some_college_or_associates_degree,42769,887,OR,60.125,41.77142857,64.71428571,5904.735294,11809.47059,128.1637888,15379.65465,20,39,-785221.6547,27389.34535,840000.3453,34.39884315,685982.4678,29.83487513,490786.1198
670,Oregon,total,Bachelors_degree,62676,1256,OR,60.125,41.77142857,64.71428571,7239.791667,28959.16667,314.2830571,37713.96685,22,39,-1291233.967,24962.03315,1090454.033,27.35861558,423494.6234,27.06009617,404784.6207
671,Oregon,total,Graduate_or_professional_degree,81633,1759,OR,60.125,41.77142857,64.71428571,0,0,0,0,26,39,-1959192,81633,1142862,30.72556315,549027.8964,30.120579,499641.2255
684,Pennsylvania,total,Total,50871,266,PA,66.4122807,61.97402597,66.38823529,0,0,0,0,,,,50871,,,,,
685,Pennsylvania,total,Less_than_high_school_graduate,32177,897,PA,66.4122807,61.97402597,66.38823529,0,0,0,0,16,39,-450478,32177,772248,26.88900169,414729.4074,#DIV/0!,#DIV/0!
686,Pennsylvania,total,High_school_graduate_includes_equivalency,38087,545,PA,66.4122807,61.97402597,66.38823529,0,0,0,0,18,39,-609392,38087,837914,#DIV/0!,#DIV/0!,26.88900169,414729.4074
687,Pennsylvania,total,Some_college_or_associates_degree,44804,671,PA,66.4122807,61.97402597,66.38823529,7227.708333,14455.41667,156.8792567,18825.51081,20,39,-825297.5108,25978.48919,877254.4892,32.14314587,614843.9967,29.68397171,504663.1578
688,Pennsylvania,total,Bachelors_degree,64722,790,PA,66.4122807,61.97402597,66.38823529,8637.882883,34551.53153,374.9749115,44996.98938,22,39,-1339436.989,19725.01062,1119999.011,27.40923557,434543.5551,27.31476385,428429.1563
689,Pennsylvania,total,Graduate_or_professional_degree,80977,1013,PA,66.4122807,61.97402597,66.38823529,0,0,0,0,26,39,-1943448,80977,1133678,31.10412684,575270.8788,30.59364754,533933.7969
702,Rhode_Island,total,Total,54012,1173,RI,59.41666667,26.5,82.16666667,0,0,0,0,,,,54012,,,,,
703,Rhode_Island,total,Less_than_high_school_graduate,35287,2762,RI,59.41666667,26.5,82.16666667,0,0,0,0,16,39,-494018,35287,846888,28.01668653,494606.8176,#DIV/0!,#DIV/0!
704,Rhode_Island,total,High_school_graduate_includes_equivalency,41160,1296,RI,59.41666667,26.5,82.16666667,0,0,0,0,18,39,-658560,41160,905520,#DIV/0!,#DIV/0!,28.01668653,494606.8176
705,Rhode_Island,total,Some_college_or_associates_degree,48802,2513,RI,59.41666667,26.5,82.16666667,5741.5,11483,124.620725,14954.487,20,39,-893390.487,33847.513,961085.513,30.72893052,606242.78,29.5503135,548723.9126
706,Rhode_Island,total,Bachelors_degree,67148,2815,RI,59.41666667,26.5,82.16666667,9745.25,38981,423.0462841,50765.55409,22,39,-1393725.554,16382.44591,1157898.446,28.28865454,505801.0207,28.23852215,502434.731
707,Rhode_Island,total,Graduate_or_professional_degree,85586,4353,RI,59.41666667,26.5,82.16666667,0,0,0,0,26,39,-2054064,85586,1198204,31.41187593,634352.8132,31.01544762,600424.1003
720,South_Carolina,total,Total,43331,592,SC,58.89473684,29.875,77.04166667,0,0,0,0,,,,43331,,,,,
721,South_Carolina,total,Less_than_high_school_graduate,27141,1330,SC,58.89473684,29.875,77.04166667,0,0,0,0,16,39,-379974,27141,651384,23.10125589,247017.186,#DIV/0!,#DIV/0!
722,South_Carolina,total,High_school_graduate_includes_equivalency,34785,966,SC,58.89473684,29.875,77.04166667,0,0,0,0,18,39,-556560,34785,765270,#DIV/0!,#DIV/0!,23.10125589,247017.186
723,South_Carolina,total,Some_college_or_associates_degree,40386,665,SC,58.89473684,29.875,77.04166667,6134.954545,12269.90909,133.1607565,15979.29077,20,39,-742927.2908,24406.70923,791740.7092,33.27393158,600873.71,27.40304196,363771.9619
724,South_Carolina,total,Bachelors_degree,57407,1493,SC,58.89473684,29.875,77.04166667,6931.945946,27727.78378,300.919317,36110.31804,22,39,-1184250.318,21296.68196,997215.682,27.74689762,408615.8338,26.57359142,341259.8448
725,South_Carolina,total,Graduate_or_professional_degree,67170,1980,SC,58.89473684,29.875,77.04166667,0,0,0,0,26,39,-1612080,67170,940380,32.59286707,577182.881,30.78033426,455435.0521
738,South_Dakota,total,Total,45902,667,SD,51.6,54.2,73.33333333,0,0,0,0,,,,45902,,,,,
739,South_Dakota,total,Less_than_high_school_graduate,30523,2259,SD,51.6,54.2,73.33333333,0,0,0,0,16,39,-427322,30523,732552,23.49398478,289784.8974,#DIV/0!,#DIV/0!
740,South_Dakota,total,High_school_graduate_includes_equivalency,38669,1771,SD,51.6,54.2,73.33333333,0,0,0,0,18,39,-618704,38669,850718,#DIV/0!,#DIV/0!,23.49398478,289784.8974
741,South_Dakota,total,Some_college_or_associates_degree,45237,1326,SD,51.6,54.2,73.33333333,6473.5,12947,140.5089721,16861.07665,20,39,-831127.0766,28375.92335,887878.9234,32.34212495,631933.6296,27.44359635,410338.8913
742,South_Dakota,total,Bachelors_degree,52325,1924,SD,51.6,54.2,73.33333333,7204.083333,28816.33333,312.7329401,37527.95281,22,39,-1084027.953,14797.04719,904322.0472,34.07468899,698930.1485,30.12136285,492072.3582
743,South_Dakota,total,Graduate_or_professional_degree,67981,3888,SD,51.6,54.2,73.33333333,0,0,0,0,26,39,-1631544,67981,951734,34.55376638,717455.592,32.14859309,553949.5069
756,Tennessee,total,Total,45072,401,TN,51.16,14.29166667,61.86486486,0,0,0,0,,,,45072,,,,,
757,Tennessee,total,Less_than_high_school_graduate,30183,1146,TN,51.16,14.29166667,61.86486486,0,0,0,0,16,39,-422562,30183,724392,26.2142132,368661.597,#DIV/0!,#DIV/0!
758,Tennessee,total,High_school_graduate_includes_equivalency,36093,577,TN,51.16,14.29166667,61.86486486,0,0,0,0,18,39,-577488,36093,794046,#DIV/0!,#DIV/0!,26.2142132,368661.597
759,Tennessee,total,Some_college_or_associates_degree,41663,479,TN,51.16,14.29166667,61.86486486,6068.777778,12137.55556,131.7243728,15806.92474,20,39,-765740.9247,25856.07526,817453.0753,33.79765256,642370.6737,29.89363456,479717.5719
760,Tennessee,total,Bachelors_degree,57539,1113,TN,51.16,14.29166667,61.86486486,6400.1875,25600.75,277.835411,33340.24933,22,39,-1184120.249,24198.75067,1002361.751,28.28649862,443456.5946,27.83880134,417696.5407
761,Tennessee,total,Graduate_or_professional_degree,72837,1803,TN,51.16,14.29166667,61.86486486,0,0,0,0,26,39,-1748088,72837,1019718,31.85826257,572372.2711,31.07624138,515412.1937
774,Texas,total,Total,48430,370,TX,48.57983193,44.89130435,61.77241379,0,0,0,0,,,,48430,,,,,
775,Texas,total,Less_than_high_school_graduate,29317,601,TX,48.57983193,44.89130435,61.77241379,0,0,0,0,16,39,-410438,29317,703608,24.49768116,307760.5186,#DIV/0!,#DIV/0!
776,Texas,total,High_school_graduate_includes_equivalency,36217,369,TX,48.57983193,44.89130435,61.77241379,0,0,0,0,18,39,-579472,36217,796774,#DIV/0!,#DIV/0!,24.49768116,307760.5186
777,Texas,total,Some_college_or_associates_degree,43687,586,TX,48.57983193,44.89130435,61.77241379,5768.955556,11537.91111,125.2166548,15025.99858,20,39,-801391.9986,28661.00142,858714.0014,29.70816581,496468.641,27.20626295,387168.0109
778,Texas,total,Bachelors_degree,64905,584,TX,48.57983193,44.89130435,61.77241379,6462.401709,25849.60684,280.5361617,33664.3394,22,39,-1331764.339,31240.6606,1134625.661,26.22324106,370255.1213,25.88867988,348540.4279
779,Texas,total,Graduate_or_professional_degree,82824,1260,TX,48.57983193,44.89130435,61.77241379,0,0,0,0,26,39,-1987776,82824,1159536,30.21657691,514881.7659,29.47909619,453800.6631
792,Utah,total,Total,51104,514,UT,54.11111111,20.2,46.51428571,0,0,0,0,,,,51104,,,,,
793,Utah,total,Less_than_high_school_graduate,37472,1649,UT,54.11111111,20.2,46.51428571,0,0,0,0,16,39,-524608,37472,899328,39.21685254,944925.8984,#DIV/0!,#DIV/0!
794,Utah,total,High_school_graduate_includes_equivalency,40700,642,UT,54.11111111,20.2,46.51428571,0,0,0,0,18,39,-651200,40700,895400,#DIV/0!,#DIV/0!,39.21685254,944925.8984
795,Utah,total,Some_college_or_associates_degree,43406,1496,UT,54.11111111,20.2,46.51428571,4269,8538,92.65973612,11119.16833,20,39,-792427.1683,32286.83167,857000.8317,52.19038002,1472948.467,45.13299096,1166615.437
796,Utah,total,Bachelors_degree,60973,1200,UT,54.11111111,20.2,46.51428571,6882.944444,27531.77778,298.7921368,35855.05641,22,39,-1255315.056,25117.94359,1061658.944,29.79899652,561619.1583,31.09259421,640493.6901
797,Utah,total,Graduate_or_professional_degree,90548,2583,UT,54.11111111,20.2,46.51428571,0,0,0,0,26,39,-2173152,90548,1267672,30.53185684,591446.5736,31.06006481,639274.7487
810,Vermont,total,Total,50561,972,VT,57.83333333,14,70.5,0,0,0,0,,,,50561,,,,,
811,Vermont,total,Less_than_high_school_graduate,34612,3841,VT,57.83333333,14,70.5,0,0,0,0,16,39,-484568,34612,830688,26.21605667,422822.1535,#DIV/0!,#DIV/0!
812,Vermont,total,High_school_graduate_includes_equivalency,41388,1466,VT,57.83333333,14,70.5,0,0,0,0,18,39,-662208,41388,910536,#DIV/0!,#DIV/0!,26.21605667,422822.1535
813,Vermont,total,Some_college_or_associates_degree,44003,3213,VT,57.83333333,14,70.5,4687,9374,101.732533,12207.90396,20,39,-804261.904,31795.09604,867852.096,54.32271662,1586100.595,34.04258375,693713.9086
814,Vermont,total,Bachelors_degree,54163,2295,VT,57.83333333,14,70.5,8276.416667,33105.66667,359.2834783,43114.01739,22,39,-1126374.017,11048.98261,931819.9826,36.33393483,841580.8945,32.82727315,651649.5783
815,Vermont,total,Graduate_or_professional_degree,68409,2487,VT,57.83333333,14,70.5,0,0,0,0,26,39,-1641816,68409,957726,36.25358055,838255.1917,34.24114566,700586.5337
828,Virginia,total,Total,55607,529,VA,57.10344828,29.18918919,59.96153846,0,0,0,0,,,,55607,,,,,
829,Virginia,total,Less_than_high_school_graduate,30436,890,VA,57.10344828,29.18918919,59.96153846,0,0,0,0,16,39,-426104,30436,730464,22.54960189,260215.6832,#DIV/0!,#DIV/0!
830,Virginia,total,High_school_graduate_includes_equivalency,39730,835,VA,57.10344828,29.18918919,59.96153846,0,0,0,0,18,39,-635680,39730,874060,#DIV/0!,#DIV/0!,22.54960189,260215.6832
831,Virginia,total,Some_college_or_associates_degree,45135,748,VA,57.10344828,29.18918919,59.96153846,5712.363636,11424.72727,123.9883128,14878.59753,20,39,-827308.5975,30256.40247,887821.4025,35.45394959,772905.4172,27.29468655,404637.0797
832,Virginia,total,Bachelors_degree,73893,1062,VA,57.10344828,29.18918919,59.96153846,8036.125,32144.5,348.8522942,41862.2753,22,39,-1519722.275,32030.7247,1288211.725,25.87718512,392420.5649,25.16552627,339833.9577
833,Virginia,total,Graduate_or_professional_degree,96914,1436,VA,57.10344828,29.18918919,59.96153846,0,0,0,0,26,39,-2325936,96914,1356796,29.5581981,538667.2104,28.57835675,443706.866
846,Washington,total,Total,59430,775,WA,26.54545455,42.15384615,63.75,0,0,0,0,,,,59430,,,,,
847,Washington,total,Less_than_high_school_graduate,36000,984,WA,26.54545455,42.15384615,63.75,0,0,0,0,16,39,-504000,36000,864000,27.45038168,484213.7405,#DIV/0!,#DIV/0!
848,Washington,total,High_school_graduate_includes_equivalency,42288,749,WA,26.54545455,42.15384615,63.75,0,0,0,0,18,39,-676608,42288,930336,#DIV/0!,#DIV/0!,27.45038168,484213.7405
849,Washington,total,Some_college_or_associates_degree,51740,658,WA,26.54545455,42.15384615,63.75,6383.916667,12767.83333,138.5645429,16627.74515,20,39,-947947.7452,35112.25485,1018172.255,28.70712496,537358.9004,28.2050664,511382.3904
850,Washington,total,Bachelors_degree,76376,1126,WA,26.54545455,42.15384615,63.75,6078.811321,24315.24528,263.8843068,31666.11682,22,39,-1559186.117,44709.88318,1343101.883,25.89116747,418277.6901,26.13399338,436823.7618
851,Washington,total,Graduate_or_professional_degree,100613,1148,WA,26.54545455,42.15384615,63.75,0,0,0,0,26,39,-2414712,100613,1408582,29.80032576,583588.1758,29.57163419,560578.8309
864,West_Virginia,total,Total,42738,814,WV,59.95833333,36.82608696,18.21052632,0,0,0,0,,,,42738,,,,,
865,West_Virginia,total,Less_than_high_school_graduate,26692,2487,WV,59.95833333,36.82608696,18.21052632,0,0,0,0,16,39,-373688,26692,640608,22.38564593,223829.6612,#DIV/0!,#DIV/0!
866,West_Virginia,total,High_school_graduate_includes_equivalency,35052,1392,WV,59.95833333,36.82608696,18.21052632,0,0,0,0,18,39,-560832,35052,771144,#DIV/0!,#DIV/0!,22.38564593,223829.6612
867,West_Virginia,total,Some_college_or_associates_degree,40791,1001,WV,59.95833333,36.82608696,18.21052632,4613.166667,9226.333333,100.1299616,12015.59539,20,39,-746253.5954,28775.40461,803804.4046,32.30904258,571664.5607,26.42496598,331647.192
868,West_Virginia,total,Bachelors_degree,52887,1886,WV,59.95833333,36.82608696,18.21052632,7085.695652,28342.78261,307.5936704,36911.24044,22,39,-1094651.24,15975.75956,915054.7596,29.93099189,488309.1279,27.5229334,360954.1383
869,West_Virginia,total,Graduate_or_professional_degree,63974,3717,WV,59.95833333,36.82608696,18.21052632,0,0,0,0,26,39,-1535376,63974,895636,33.69559505,620265.9976,31.15948715,458021.0311
882,Wisconsin,total,Total,50039,335,WI,60.37209302,45,77.11764706,0,0,0,0,,,,50039,,,,,
883,Wisconsin,total,Less_than_high_school_graduate,35193,1456,WI,60.37209302,45,77.11764706,0,0,0,0,16,39,-492702,35193,844632,30.33231521,574783.1692,#DIV/0!,#DIV/0!
884,Wisconsin,total,High_school_graduate_includes_equivalency,40104,484,WI,60.37209302,45,77.11764706,0,0,0,0,18,39,-641664,40104,882288,#DIV/0!,#DIV/0!,30.33231521,574783.1692
885,Wisconsin,total,Some_college_or_associates_degree,45726,600,WI,60.37209302,45,77.11764706,5245.714286,10491.42857,113.8595693,13663.14832,20,39,-836731.1483,32062.85168,900856.8517,34.69710927,749828.8702,32.6620287,656772.7761
886,Wisconsin,total,Bachelors_degree,61428,837,WI,60.37209302,45,77.11764706,7410.243902,29640.97561,321.6824758,38601.8971,22,39,-1267161.897,22826.1029,1067102.103,29.33304713,534708.5223,29.52010281,546198.978
887,Wisconsin,total,Graduate_or_professional_degree,75811,1232,WI,60.37209302,45,77.11764706,0,0,0,0,26,39,-1819464,75811,1061354,32.98512897,681171.6121,32.66438525,656855.71
900,Wyoming,total,Total,48197,2185,WY,23.66666667,28.33333333,66,0,0,0,0,,,,48197,,,,,
901,Wyoming,total,Less_than_high_school_graduate,28406,4964,WY,23.66666667,28.33333333,66,0,0,0,0,16,39,-397684,28406,681744,22.31946607,236322.7533,#DIV/0!,#DIV/0!
902,Wyoming,total,High_school_graduate_includes_equivalency,37396,1855,WY,23.66666667,28.33333333,66,0,0,0,0,18,39,-598336,37396,822712,#DIV/0!,#DIV/0!,22.31946607,236322.7533
903,Wyoming,total,Some_college_or_associates_degree,44020,3108,WY,23.66666667,28.33333333,66,4969.333333,9938.666667,107.8606501,12943.27801,20,39,-805303.278,31076.72199,867456.722,31.24506009,570104.267,26.10601243,343883.389
904,Wyoming,total,Bachelors_degree,54129,3784,WY,23.66666667,28.33333333,66,5244,20976,227.6447206,27317.36648,22,39,-1109897.366,26811.63352,947004.6335,30.57200541,544934.7142,27.68780339,388815.743
905,Wyoming,total,Graduate_or_professional_degree,68506,1926,WY,23.66666667,28.33333333,66,0,0,0,0,26,39,-1644144,68506,959084,33.61645773,658785.0533,31.08379052,485282.1536
918,Puerto_Rico,total,Total,21254,372,PR,11.27692308,1.333333333,3.976190476,0,0,0,0,,,,21254,,,,,
919,Puerto_Rico,total,Less_than_high_school_graduate,12646,971,PR,11.27692308,1.333333333,3.976190476,0,0,0,0,16,39,-177044,12646,303504,23.35874309,118350.6651,#DIV/0!,#DIV/0!
920,Puerto_Rico,total,High_school_graduate_includes_equivalency,16083,319,PR,11.27692308,1.333333333,3.976190476,0,0,0,0,18,39,-257328,16083,353826,#DIV/0!,#DIV/0!,23.35874309,118350.6651
921,Puerto_Rico,total,Some_college_or_associates_degree,19642,457,PR,11.27692308,1.333333333,3.976190476,5945.666667,11891.33333,129.0522147,15486.26576,20,39,-369042.2658,4155.73424,377353.7342,31.38922893,247504.9689,27.44400597,170012.8995
922,Puerto_Rico,total,Bachelors_degree,27445,925,PR,11.27692308,1.333333333,3.976190476,4173.538462,16694.15385,181.1754381,21741.05257,22,39,-570641.0526,5703.947433,472268.9474,27.5755195,186169.0801,26.59619248,159291.4501
923,Puerto_Rico,total,Graduate_or_professional_degree,40103,1592,PR,11.27692308,1.333333333,3.976190476,0,0,0,0,26,39,-962472,40103,561442,29.35653622,214813.172,28.60574717,184704.2787
