name_major,total:,25_to_39_years:,science_and_engineering,computers_mathematics_and_statistics,biological_agricultural_and_environmental_sciences,physical_and_related_sciences,psychology,social_sciences,engineering,multidisciplinary_studies,science_and_engineering_related_fields,business,education,arts_humanities_and_other,literature_and_languages,liberal_arts_and_history,visual_and_performing_arts,communications,other,40_to_64_years:,science_and_engineering,computers_mathematics_and_statistics,biological_agricultural_and_environmental_sciences,physical_and_related_sciences,psychology,social_sciences,engineering,multidisciplinary_studies,science_and_engineering_related_fields,business,education,arts_humanities_and_other,literature_and_languages,liberal_arts_and_history,visual_and_performing_arts,communications,other
alabama_estimate,"63,221","54,366",,"64,515","53,005","42,097","48,988","53,549","84,357","46,004","63,414","59,018","47,996",,"45,636","49,751","41,332","44,332","48,237","73,389",,"96,701","88,662","106,531","52,705","77,969","121,098","90,810","76,527","77,864","54,386",,"58,962","60,475","52,006","61,407","65,411"
alabama_margin_of_error,±986,"±1,493",,"±12,010","±3,844","±14,162","±6,409","±6,065","±6,280","±17,049","±3,326","±2,476","±3,019",,"±4,654","±5,142","±3,573","±6,685","±3,620","±2,520",,"±9,779","±12,790","±10,248","±3,739","±8,883","±10,289","±23,418","±3,126","±4,291","±1,951",,"±6,532","±5,744","±10,496","±7,455","±6,991"
alaska_estimate,"77,172","65,259",,"76,786","64,688","67,957","70,578","64,250","92,910","71,236","62,289","73,420","63,555",,"59,733","63,558","38,038","56,281","62,025","87,147",,"124,397","94,307","109,046","98,380","86,453","117,857","64,972","86,509","96,877","76,609",,"67,159","85,326","73,177","74,711","100,095"
alaska_margin_of_error,"±3,871","±5,884",,"±59,902","±21,800","±15,293","±7,386","±36,444","±25,823","±36,262","±13,284","±15,267","±11,865",,"±14,625","±20,098","±15,687","±16,123","±14,819","±4,102",,"±110,344","±14,420","±52,013","±22,999","±6,452","±24,608","±64,190","±10,824","±9,919","±6,901",,"±12,785","±19,676","±24,145","±19,791","±17,191"
arizona_estimate,"69,316","60,743",,"82,391","54,925","62,316","53,281","59,144","86,615","54,175","62,915","66,060","51,036",,"52,459","56,760","47,658","55,536","56,087","80,644",,"117,225","93,501","93,739","67,604","82,172","120,834","73,327","83,798","86,946","54,937",,"64,934","64,986","60,163","71,927","69,160"
arizona_margin_of_error,"±1,264",±802,,"±6,307","±5,378","±9,343","±3,091","±5,642","±4,397","±7,580","±2,123","±1,771","±1,451",,"±5,485","±8,183","±6,892","±7,543","±2,853","±1,405",,"±7,550","±8,614","±15,529","±5,834","±7,785","±4,991","±13,125","±2,848","±2,992","±1,878",,"±7,639","±6,569","±7,524","±12,720","±3,705"
arkansas_estimate,"60,923","52,604",,"93,027","57,000","61,495","42,749","49,192","72,789","50,461","61,354","59,681","46,818",,"50,121","42,657","43,675","45,923","45,047","69,933",,"89,702","85,770","72,046","55,728","81,793","104,738","76,776","79,754","77,926","54,877",,"63,482","55,118","43,452","61,903","61,912"
arkansas_margin_of_error,"±1,150","±1,616",,"±29,551","±5,330","±15,767","±8,863","±4,181","±17,201","±14,143","±2,049","±3,489","±2,582",,"±11,570","±6,293","±6,740","±2,843","±2,636","±2,415",,"±24,986","±16,812","±15,556","±6,149","±3,812","±15,524","±33,928","±4,407","±4,062","±2,811",,"±8,005","±8,394","±10,355","±7,969","±6,654"
california_estimate,"87,531","76,005",,"106,581","74,495","80,828","63,246","75,405","116,465","74,142","80,368","78,489","55,837",,"63,706","63,722","58,721","70,378","60,909","101,321",,"129,979","116,952","123,363","88,363","102,271","151,269","95,903","104,359","97,828","78,393",,"87,539","90,663","71,882","88,498","85,601"
california_margin_of_error,±714,±652,,"±3,074","±1,749","±5,352","±1,776","±1,999","±3,760","±4,052","±1,890","±2,271","±2,839",,"±2,175","±1,947","±3,211","±2,530","±1,119",±427,,"±5,080","±4,767","±3,630","±3,896","±1,489","±2,155","±10,422","±1,840","±2,847","±4,163",,"±3,478","±3,388","±2,357","±3,890","±2,476"
colorado_estimate,"76,397","67,009",,"90,114","59,924","67,253","54,295","73,201","93,554","58,763","67,357","80,460","48,184",,"51,585","62,406","51,710","63,735","62,558","87,199",,"110,380","90,590","101,280","74,786","84,790","130,810","77,683","86,948","96,432","61,720",,"70,394","77,303","51,384","80,622","74,509"
colorado_margin_of_error,±956,"±1,019",,"±9,397","±2,755","±5,175","±2,802","±5,375","±2,985","±6,444","±3,244","±2,566","±3,741",,"±3,992","±4,753","±3,552","±2,369","±3,110","±1,493",,"±8,724","±6,071","±9,952","±4,554","±4,943","±5,160","±26,625","±7,104","±5,097","±4,178",,"±4,054","±7,757","±3,789","±5,180","±3,793"
connecticut_estimate,"84,028","71,512",,"80,949","75,037","69,743","61,932","67,955","94,186","71,408","71,259","80,851","63,127",,"58,192","66,632","54,400","70,716","64,746","98,064",,"128,024","104,142","113,223","89,325","110,741","128,907","101,982","93,671","104,699","80,080",,"78,191","103,036","68,587","99,504","72,042"
connecticut_margin_of_error,"±1,759","±1,495",,"±4,758","±6,454","±16,109","±5,896","±3,817","±4,177","±5,944","±4,355","±2,671","±3,586",,"±6,757","±7,338","±8,283","±9,711","±3,692","±2,240",,"±12,898","±4,894","±18,408","±8,625","±14,733","±8,689","±43,742","±5,254","±2,734","±4,578",,"±7,927","±10,324","±6,990","±6,351","±3,508"
delaware_estimate,"72,374","65,284",,"45,437","70,784","70,041","66,239","53,167","87,564","59,192","75,410","77,211","60,253",,"55,543","75,703","40,318","36,346","58,868","81,181",,"82,813","125,887","120,261","90,667","98,194","122,360","42,356","82,406","79,513","72,930",,"65,679","69,045","67,586","83,490","66,667"
delaware_margin_of_error,"±3,165","±3,873",,"±11,551","±16,578","±8,013","±15,059","±6,474","±7,518","±8,611","±5,866","±9,570","±4,334",,"±19,155","±20,553","±15,038","±1,917","±4,555","±4,376",,"±14,697","±23,492","±35,792","±8,926","±29,403","±10,523","±7,813","±12,997","±11,198","±10,858",,"±25,132","±15,100","±35,521","±18,378","±4,143"
district_of_columbia_estimate,"100,828","89,341",,"104,594","93,784","80,874","71,834","94,380","112,447","82,696","77,615","102,628","70,485",,"86,784","97,090","73,475","77,293","76,995","132,269",,"142,406","135,595","177,198","125,269","150,633","156,367","113,079","112,641","124,417","109,663",,"116,930","133,868","91,267","101,822","130,018"
district_of_columbia_margin_of_error,"±2,301","±3,087",,"±12,476","±13,206","±22,033","±8,180","±4,210","±18,322","±17,197","±10,618","±18,373","±4,469",,"±5,515","±12,481","±11,050","±10,092","±2,818","±6,728",,"±31,100","±21,840","±17,277","±40,486","±12,429","±7,999","±95,542","±22,577","±16,372","±20,555",,"±23,422","±5,141","±20,360","±21,773","±47,246"
florida_estimate,"63,276","56,340",,"69,246","60,461","55,710","49,606","58,817","74,965","47,287","61,423","64,042","49,144",,"49,076","50,296","41,474","50,589","52,219","70,410",,"98,041","91,298","87,031","61,399","72,351","100,094","68,862","75,771","73,358","53,417",,"60,397","64,420","55,155","64,878","65,448"
florida_margin_of_error,±516,"±1,126",,"±4,673","±3,087","±2,920","±2,358","±4,175","±2,596","±5,432","±1,872","±1,497",±839,,"±2,727","±7,524","±2,460","±2,896",±968,"±1,002",,"±4,613","±5,533","±7,891","±2,863","±3,345","±6,444","±13,792","±3,025","±1,927",±842,,"±4,226","±2,958","±3,063","±3,150","±3,005"
georgia_estimate,"71,622","61,933",,"81,935","57,465","66,599","51,760","63,114","85,794","56,121","61,759","71,468","50,986",,"55,442","57,486","53,142","55,546","50,482","80,027",,"104,178","92,077","94,609","64,909","81,069","127,809","76,950","83,030","85,724","64,018",,"62,067","69,656","62,448","77,977","69,827"
georgia_margin_of_error,±741,±871,,"±3,988","±3,814","±7,133","±2,613","±4,708","±2,715","±5,055","±2,346","±2,249","±1,765",,"±5,366","±6,410","±5,089","±5,998","±3,680","±1,071",,"±5,559","±5,487","±13,055","±3,342","±5,827","±4,041","±28,216","±3,060","±2,438","±1,559",,"±6,327","±6,025","±2,421","±5,827","±5,768"
hawaii_estimate,"70,886","60,249",,"71,478","64,471","59,975","57,539","50,493","82,768","61,250","74,637","59,547","52,107",,"42,890","54,066","36,076","57,996","59,718","79,944",,"88,484","91,444","101,885","74,465","83,229","113,998","64,951","94,633","77,205","67,859",,"74,127","68,952","45,453","63,960","71,827"
hawaii_margin_of_error,"±1,795","±2,335",,"±7,088","±4,692","±22,593","±16,142","±8,398","±9,656","±18,585","±11,431","±6,127","±4,141",,"±12,399","±5,396","±3,528","±12,498","±9,473","±2,607",,"±13,549","±11,598","±16,936","±6,167","±7,354","±10,718","±83,055","±9,778","±6,683","±7,296",,"±15,351","±17,798","±19,770","±4,370","±11,785"
idaho_estimate,"63,254","54,167",,"85,377","51,716","55,170","41,253","56,165","87,357","45,313","54,877","64,502","44,899",,"45,885","40,931","41,177","41,541","49,459","69,210",,"83,656","67,961","96,384","58,893","75,158","112,179","61,077","65,749","88,970","57,575",,"51,434","68,448","50,681","64,673","62,186"
idaho_margin_of_error,"±1,248","±1,667",,"±15,818","±2,466","±14,415","±4,352","±11,553","±6,222","±30,981","±9,966","±7,681","±4,353",,"±6,211","±12,927","±4,932","±30,026","±7,394","±2,609",,"±17,392","±9,135","±18,127","±10,722","±13,745","±13,201","±8,602","±7,296","±8,383","±4,436",,"±4,282","±14,090","±10,099","±24,289","±2,906"
illinois_estimate,"76,327","67,514",,"84,254","65,515","65,166","57,901","71,816","90,621","62,458","66,607","80,191","55,945",,"55,834","61,603","49,499","63,547","61,619","85,834",,"103,159","96,621","100,790","75,047","97,584","123,674","62,232","84,395","93,436","65,040",,"81,223","76,391","61,545","84,957","73,253"
illinois_margin_of_error,±690,"±1,035",,"±4,333","±3,503","±3,995","±5,964","±4,689","±4,123","±6,849","±1,950","±2,365","±2,130",,"±5,175","±4,215","±4,122","±3,473","±1,657",±979,,"±2,796","±5,192","±5,132","±5,270","±5,344","±4,590","±11,803","±2,677","±2,377","±1,942",,"±8,624","±4,577","±4,543","±4,425","±3,914"
indiana_estimate,"64,474","55,574",,"68,874","58,560","61,168","50,682","50,487","83,197","51,798","63,279","66,513","47,086",,"42,324","47,718","43,216","52,590","51,481","73,396",,"101,124","90,621","90,460","55,652","73,828","110,806","80,162","81,449","79,386","57,452",,"60,773","57,896","46,633","61,480","65,950"
indiana_margin_of_error,±858,"±1,435",,"±4,220","±5,513","±4,637","±2,938","±4,350","±3,294","±11,599","±2,433","±2,375",±967,,"±5,818","±4,743","±3,021","±6,237","±1,603","±1,620",,"±7,784","±12,332","±12,587","±6,723","±6,877","±4,684","±21,397","±2,726","±3,587","±1,911",,"±6,097","±6,014","±3,609","±5,013","±3,214"
iowa_estimate,"65,295","57,861",,"63,927","56,998","50,347","51,775","57,877","80,929","50,161","62,547","69,840","50,126",,"44,113","50,498","46,087","50,004","52,522","72,564",,"100,457","78,860","97,242","68,088","69,303","110,510","50,875","77,655","81,109","60,969",,"58,627","66,597","47,291","64,297","59,409"
iowa_margin_of_error,"±1,074","±1,850",,"±16,305","±4,496","±10,596","±3,208","±8,887","±3,115","±18,457","±3,169","±3,735","±2,021",,"±4,368","±7,920","±6,131","±4,110","±3,274","±1,317",,"±14,391","±7,284","±26,393","±4,588","±9,976","±8,155","±34,852","±6,198","±3,171","±1,360",,"±8,580","±4,806","±9,465","±9,920","±5,184"
kansas_estimate,"64,195","58,345",,"76,914","55,368","63,001","49,307","63,670","84,264","49,167","61,241","63,845","50,387",,"40,478","50,444","48,100","52,878","52,744","72,166",,"94,701","83,777","80,574","56,686","82,588","115,873","60,407","76,834","81,373","54,286",,"60,249","70,429","56,004","70,603","61,693"
kansas_margin_of_error,±964,"±1,511",,"±8,457","±6,322","±12,944","±5,548","±11,116","±7,550","±24,410","±2,622","±2,173","±1,502",,"±5,575","±6,439","±7,462","±7,780","±2,517","±2,153",,"±11,765","±4,380","±13,464","±3,080","±8,418","±8,350","±52,105","±2,863","±4,565","±1,807",,"±4,986","±8,058","±3,290","±6,599","±8,900"
kentucky_estimate,"62,061","53,559",,"66,263","57,727","54,381","45,554","50,630","91,290","36,189","64,320","58,864","44,486",,"46,271","44,737","40,920","50,596","48,028","70,642",,"100,688","95,485","82,335","58,069","77,025","124,115","49,367","77,336","76,494","56,842",,"55,720","66,401","61,258","59,459","55,659"
kentucky_margin_of_error,"±1,033","±1,084",,"±5,601","±4,553","±8,041","±4,984","±3,400","±5,743","±10,550","±3,442","±4,300","±1,534",,"±3,586","±5,148","±2,822","±5,501","±3,592","±1,804",,"±11,949","±19,408","±6,186","±8,079","±6,727","±4,203","±12,357","±3,607","±3,280","±1,981",,"±6,405","±9,185","±8,713","±5,081","±7,550"
louisiana_estimate,"61,501","54,348",,"54,804","64,475","55,883","46,021","65,249","88,923","42,809","60,657","58,232","47,117",,"46,222","50,140","36,338","48,154","51,933","67,398",,"90,277","83,177","86,288","58,695","67,621","105,395","44,074","74,605","75,110","53,817",,"59,636","55,236","54,664","73,066","60,275"
louisiana_margin_of_error,"±1,262","±1,308",,"±16,545","±7,344","±10,163","±4,860","±8,125","±10,014","±11,825","±3,551","±7,137","±1,978",,"±4,248","±6,087","±12,339","±5,585","±2,970","±2,096",,"±11,044","±6,535","±12,672","±7,963","±5,156","±6,338","±20,900","±4,259","±3,606","±1,306",,"±7,052","±4,082","±8,686","±8,974","±12,114"
maine_estimate,"62,421","56,454",,"64,153","51,597","87,790","50,610","56,799","93,338","43,917","62,387","67,591","47,760",,"46,879","53,243","38,954","58,400","62,869","66,227",,"85,748","65,631","75,067","61,999","55,675","101,855","49,274","71,877","79,065","58,562",,"63,961","70,960","58,977","57,481","59,031"
maine_margin_of_error,"±1,260","±2,138",,"±27,139","±8,787","±34,430","±5,464","±4,073","±7,160","±14,591","±6,077","±4,788","±5,652",,"±6,750","±10,456","±8,118","±15,772","±11,130","±2,883",,"±14,087","±14,903","±12,268","±6,086","±9,079","±8,869","±47,891","±5,944","±7,480","±4,970",,"±9,424","±11,066","±10,588","±9,706","±7,894"
maryland_estimate,"87,689","72,181",,"85,129","67,249","72,592","60,405","80,178","96,416","65,970","73,074","78,674","60,542",,"59,133","62,189","51,297","61,665","66,214","101,819",,"124,967","110,220","125,969","87,979","110,097","135,478","87,806","93,296","102,040","77,593",,"95,516","88,827","69,735","87,557","96,267"
maryland_margin_of_error,"±1,571","±1,224",,"±5,714","±3,655","±7,180","±4,739","±4,144","±4,393","±11,350","±2,732","±4,334","±1,825",,"±10,670","±2,790","±3,634","±4,319","±3,861",±990,,"±5,203","±10,201","±7,083","±8,901","±5,702","±6,368","±15,031","±3,677","±3,040","±3,532",,"±6,496","±10,047","±10,570","±8,433","±6,249"
massachusetts_estimate,"87,001","75,800",,"100,156","76,357","69,627","64,147","81,430","98,299","77,851","75,402","84,761","60,697",,"64,663","64,560","52,646","74,744","63,067","100,205",,"128,788","107,201","122,084","84,328","104,545","143,339","84,727","101,842","101,437","80,430",,"87,017","84,854","73,216","87,497","89,582"
massachusetts_margin_of_error,±747,±901,,"±8,413","±2,180","±9,616","±3,538","±3,144","±3,915","±21,451","±2,161","±3,089","±3,047",,"±5,579","±5,063","±2,967","±3,212","±2,349","±1,230",,"±6,162","±13,577","±7,524","±4,001","±3,489","±5,963","±13,631","±2,884","±2,948","±2,537",,"±4,314","±6,342","±4,164","±4,947","±6,476"
michigan_estimate,"71,444","61,430",,"77,405","60,900","61,545","50,123","61,711","90,211","55,332","65,596","64,319","49,551",,"51,872","50,546","44,026","55,886","55,083","81,256",,"97,391","89,329","85,703","68,627","86,156","127,751","74,090","81,274","84,552","65,427",,"59,509","63,296","60,078","74,638","65,294"
michigan_margin_of_error,±641,±641,,"±7,417","±2,132","±5,219","±3,769","±4,152","±4,213","±10,301","±2,146","±1,832","±1,605",,"±5,013","±1,968","±3,899","±4,508","±2,858",±713,,"±4,743","±4,685","±8,509","±5,235","±6,927","±3,115","±14,250","±2,193","±2,158","±1,909",,"±6,902","±2,231","±4,728","±6,561","±3,780"
minnesota_estimate,"75,342","65,715",,"79,535","65,498","69,498","58,206","67,990","90,099","55,623","69,402","74,693","51,250",,"54,930","53,142","50,376","61,440","59,109","85,324",,"119,753","89,263","123,242","86,142","87,015","123,654","80,229","83,278","97,716","66,150",,"69,758","71,560","61,980","80,154","70,995"
minnesota_margin_of_error,±771,"±1,273",,"±8,849","±2,064","±7,365","±4,243","±4,168","±3,576","±11,215","±2,417","±2,013","±1,343",,"±3,399","±4,431","±3,379","±4,577","±2,812","±1,023",,"±6,943","±6,350","±23,666","±3,986","±5,079","±5,957","±16,362","±1,913","±4,867","±2,744",,"±4,736","±3,834","±3,368","±6,578","±3,952"
mississippi_estimate,"54,066","49,578",,"55,202","50,823","31,079","47,792","60,263","69,648","52,336","58,068","54,331","41,658",,"38,605","42,894","38,602","44,106","46,185","59,248",,"75,218","77,095","74,157","47,039","55,511","107,021","72,188","70,238","66,602","46,428",,"59,583","55,418","46,330","54,818","53,203"
mississippi_margin_of_error,"±1,368","±1,483",,"±23,108","±2,769","±5,512","±4,402","±17,321","±9,720","±3,875","±3,485","±3,346","±1,709",,"±5,414","±3,543","±3,974","±8,656","±3,055","±2,984",,"±21,386","±14,761","±23,581","±6,533","±7,208","±22,307","±13,360","±5,693","±6,410","±2,581",,"±12,143","±8,604","±5,718","±3,205","±3,633"
missouri_estimate,"63,918","57,306",,"68,872","54,892","61,788","45,963","66,332","87,539","53,505","64,102","64,798","45,143",,"48,491","46,558","43,093","58,575","50,438","72,292",,"100,610","83,456","99,871","62,392","68,578","119,629","46,501","76,849","82,391","53,351",,"61,117","58,316","59,143","64,030","63,611"
missouri_margin_of_error,±654,"±1,158",,"±11,940","±2,508","±8,160","±4,872","±9,674","±3,124","±3,620","±3,554","±1,744","±1,510",,"±3,804","±5,143","±4,435","±3,850","±2,334","±1,302",,"±10,072","±7,155","±14,693","±4,231","±9,201","±4,401","±5,354","±3,888","±2,580","±2,172",,"±6,072","±6,632","±5,507","±5,561","±4,377"
montana_estimate,"60,096","52,168",,"71,258","53,263","51,551","53,521","46,685","83,894","41,890","60,765","59,493","44,133",,"44,672","46,206","37,243","45,071","44,420","66,091",,"93,611","76,653","66,856","54,832","66,890","94,883","54,524","71,858","69,163","52,551",,"55,063","69,988","51,158","61,860","56,987"
montana_margin_of_error,"±1,958","±1,948",,"±3,954","±5,970","±6,610","±16,411","±14,265","±6,346","±68,731","±8,159","±7,020","±6,959",,"±29,647","±3,875","±12,309","±8,184","±12,387","±3,538",,"±25,958","±13,583","±13,773","±8,256","±15,514","±6,192","±134,712","±8,765","±5,934","±5,857",,"±12,726","±10,977","±4,882","±22,111","±10,218"
nebraska_estimate,"64,905","58,584",,"69,792","59,573","78,485","55,234","50,978","76,820","46,227","61,722","65,130","50,743",,"53,995","56,866","42,284","50,273","55,725","74,921",,"117,601","89,601","85,030","66,838","72,003","115,404","53,023","80,626","84,958","61,295",,"66,445","74,829","52,005","54,218","57,673"
nebraska_margin_of_error,"±1,200","±1,629",,"±16,416","±4,827","±20,008","±7,789","±9,166","±11,640","±13,367","±2,235","±4,615","±1,622",,"±4,875","±10,192","±7,023","±15,215","±5,235","±2,535",,"±14,029","±8,842","±22,737","±10,424","±19,020","±9,977","±34,812","±5,211","±5,835","±2,397",,"±11,367","±21,206","±3,708","±7,281","±4,246"
nevada_estimate,"65,967","59,359",,"73,875","60,812","72,622","50,474","63,056","81,026","53,750","64,475","63,632","51,141",,"46,662","37,952","40,637","69,668","54,141","73,301",,"81,971","95,859","84,963","76,599","76,490","86,757","31,748","88,408","73,999","62,581",,"65,741","64,117","61,830","75,902","68,023"
nevada_margin_of_error,"±2,144","±2,233",,"±9,667","±10,978","±27,593","±6,396","±13,218","±8,020","±46,222","±6,645","±4,775","±1,273",,"±9,829","±13,444","±11,941","±10,341","±3,104","±2,071",,"±11,378","±21,279","±19,779","±5,670","±8,390","±14,692","±15,352","±10,307","±8,667","±2,187",,"±12,262","±10,624","±9,254","±13,323","±7,207"
new_hampshire_estimate,"76,929","68,184",,"84,025","62,292","77,774","56,110","68,284","92,974","80,870","72,898","80,129","50,097",,"57,242","53,622","40,463","61,724","63,065","85,413",,"126,534","86,500","101,782","65,989","91,702","136,174","104,288","83,125","85,777","68,894",,"70,888","77,360","74,013","79,214","71,947"
new_hampshire_margin_of_error,"±1,837","±3,003",,"±11,060","±7,487","±10,943","±10,588","±11,125","±7,999","±15,581","±2,009","±9,105","±4,689",,"±4,231","±8,208","±6,727","±5,968","±12,265","±2,646",,"±12,909","±14,080","±31,189","±5,777","±6,825","±12,901","±38,041","±8,000","±11,066","±6,289",,"±6,358","±17,489","±7,750","±12,586","±6,054"
new_jersey_estimate,"86,543","73,867",,"95,475","75,516","72,437","61,104","76,594","100,180","62,978","74,650","82,725","61,140",,"60,880","61,148","60,789","72,325","63,324","100,229",,"131,492","114,250","108,230","82,640","103,504","142,412","72,409","102,497","102,984","77,443",,"82,088","89,072","75,182","84,759","85,312"
new_jersey_margin_of_error,±992,±867,,"±6,150","±3,948","±3,334","±1,814","±4,880","±2,901","±11,316","±2,324","±2,657","±1,377",,"±3,425","±8,039","±4,903","±4,212","±3,023","±1,040",,"±7,322","±8,443","±8,512","±3,748","±3,702","±8,034","±14,091","±2,607","±2,339","±3,170",,"±5,593","±5,729","±5,439","±7,172","±4,218"
new_mexico_estimate,"64,419","56,948",,"73,382","60,151","66,155","46,575","53,439","77,362","33,750","62,345","60,434","45,613",,"47,459","55,361","43,699","46,946","60,006","72,989",,"101,304","96,502","116,123","65,885","62,628","105,492","66,070","82,594","85,658","59,911",,"61,589","59,782","51,499","69,262","55,360"
new_mexico_margin_of_error,"±1,558","±2,616",,"±17,606","±11,304","±28,865","±8,503","±4,593","±6,873","±31,510","±8,118","±5,205","±11,497",,"±11,291","±14,011","±4,824","±7,302","±8,047","±3,488",,"±13,141","±10,928","±23,248","±7,781","±8,607","±9,932","±52,878","±7,672","±8,408","±4,991",,"±13,662","±9,061","±5,907","±12,638","±11,050"
new_york_estimate,"80,342","72,125",,"89,964","71,987","70,486","60,994","81,588","89,557","63,991","75,637","77,466","62,873",,"66,954","65,001","58,134","70,303","62,930","89,852",,"106,989","103,852","97,086","84,325","101,486","115,341","78,066","91,997","91,748","77,467",,"85,451","82,854","71,194","86,427","71,198"
new_york_margin_of_error,±393,±701,,"±5,351","±2,723","±3,523","±2,112","±2,315","±2,791","±5,789","±1,505","±2,772","±1,966",,"±4,897","±4,469","±3,508","±2,969","±1,755","±1,245",,"±3,624","±3,861","±8,073","±3,869","±1,822","±6,297","±11,471","±2,011","±2,350","±3,019",,"±5,631","±4,552","±5,405","±5,705","±3,945"
north_carolina_estimate,"65,975","59,523",,"82,096","63,807","63,278","51,591","57,560","93,959","52,066","61,101","66,975","45,932",,"50,314","51,708","48,383","58,296","51,086","73,338",,"104,127","91,967","82,354","61,945","75,604","123,576","56,682","80,392","80,810","54,046",,"60,335","64,984","54,264","73,079","61,043"
north_carolina_margin_of_error,"±1,029","±1,264",,"±5,076","±3,004","±3,347","±3,711","±5,935","±5,365","±7,908","±1,895","±3,542","±1,442",,"±4,426","±4,267","±4,135","±6,377","±1,713","±1,482",,"±4,738","±6,828","±9,801","±2,781","±4,347","±7,068","±25,383","±3,523","±2,635","±2,206",,"±2,887","±3,532","±4,134","±8,716","±1,597"
north_dakota_estimate,"61,996","56,707",,"74,766","58,769","65,282","53,754","54,432","68,822","45,994","58,860","60,238","49,603",,"54,589","46,055","51,536","50,737","62,806","68,738",,"89,667","82,507","101,827","65,472","57,481","109,972",-,"67,637","77,267","63,815",,"59,949","66,964","54,690","66,883","63,003"
north_dakota_margin_of_error,"±1,677","±1,979",,"±9,576","±7,907","±29,379","±22,380","±11,541","±13,955","±18,834","±2,391","±6,526","±3,507",,"±18,187","±8,088","±35,761","±1,471","±6,691","±3,712",,"±46,243","±16,625","±77,863","±49,413","±21,626","±55,828",**,"±6,575","±9,880","±3,830",,"±20,305","±31,777","±12,699","±26,535","±6,741"
ohio_estimate,"70,742","60,840",,"78,926","58,252","60,023","49,185","60,992","84,890","58,916","64,688","70,180","50,749",,"49,865","52,745","42,701","54,558","52,706","80,415",,"104,727","89,883","96,513","66,377","86,062","121,262","64,915","80,304","85,609","70,845",,"67,329","63,152","58,653","69,322","64,657"
ohio_margin_of_error,±568,±658,,"±5,836","±3,511","±4,326","±3,315","±2,951","±2,207","±9,007","±2,037","±2,130","±1,317",,"±3,535","±4,662","±2,672","±2,727","±2,481",±650,,"±4,013","±3,529","±7,039","±4,477","±6,906","±5,234","±6,558","±2,029","±2,268","±1,227",,"±6,086","±3,957","±5,075","±2,762","±2,597"
oklahoma_estimate,"60,342","53,548",,"63,888","59,266","54,525","41,809","54,556","76,970","46,045","57,082","63,298","44,919",,"43,738","47,360","39,384","53,798","49,385","66,035",,"91,087","91,341","80,215","56,364","66,622","100,654","71,952","75,650","74,644","50,820",,"62,124","58,840","50,763","55,740","58,590"
oklahoma_margin_of_error,±858,"±1,137",,"±11,961","±5,149","±12,303","±3,309","±4,666","±4,957","±16,385","±3,567","±2,987","±1,047",,"±5,079","±7,984","±3,478","±6,823","±3,019","±1,495",,"±12,353","±6,479","±14,177","±4,035","±6,350","±7,061","±20,139","±3,364","±3,068","±1,206",,"±10,702","±4,994","±2,305","±5,339","±4,252"
oregon_estimate,"73,160","63,039",,"94,081","62,765","86,710","57,594","61,030","98,137","53,072","71,768","71,183","49,084",,"51,999","52,768","44,806","55,110","57,246","81,531",,"101,510","91,532","102,933","68,854","79,154","124,042","57,009","87,492","86,458","68,509",,"76,951","69,119","54,760","80,407","61,476"
oregon_margin_of_error,"±1,245","±1,340",,"±7,475","±4,181","±9,575","±4,104","±4,389","±6,339","±10,605","±5,644","±4,776","±5,079",,"±6,634","±2,676","±4,942","±7,658","±7,187","±1,340",,"±7,315","±8,623","±7,090","±6,715","±3,562","±5,310","±12,852","±4,386","±4,438","±6,427",,"±6,023","±7,901","±10,726","±9,138","±7,691"
pennsylvania_estimate,"72,804","64,121",,"84,555","63,415","59,998","50,145","67,811","87,859","55,549","68,869","73,064","57,412",,"54,029","54,241","45,075","60,062","56,004","82,058",,"103,198","96,968","102,760","69,853","82,563","123,443","75,396","84,781","86,731","70,867",,"71,625","70,242","63,817","72,927","73,010"
pennsylvania_margin_of_error,±682,±668,,"±4,220","±1,506","±2,961","±3,367","±4,060","±4,480","±4,015","±2,020","±2,052","±1,762",,"±2,449","±3,438","±3,364","±4,084","±1,817",±929,,"±3,461","±7,370","±5,092","±4,451","±4,475","±4,734","±16,353","±2,855","±2,821","±1,645",,"±5,940","±4,904","±3,486","±4,663","±2,483"
rhode_island_estimate,"75,526","63,571",,"64,234","69,073","92,952","39,968","70,193","82,606","64,338","65,785","78,833","59,315",,"56,410","62,780","43,802","55,182","60,016","87,886",,"87,818","103,616","94,573","73,543","81,774","132,070","78,029","87,469","97,314","69,852",,"85,635","73,487","70,755","72,944","86,490"
rhode_island_margin_of_error,"±3,256","±2,321",,"±11,482","±13,029","±12,090","±10,529","±16,832","±8,201","±45,145","±5,793","±8,881","±6,360",,"±5,324","±31,445","±7,541","±12,780","±15,191","±2,915",,"±15,156","±14,749","±37,168","±10,981","±10,789","±14,426","±42,632","±7,651","±8,679","±5,460",,"±12,690","±14,601","±9,721","±13,732","±16,272"
south_carolina_estimate,"62,514","54,420",,"65,920","55,554","54,861","44,515","56,854","83,040","44,094","58,628","58,865","45,791",,"54,153","52,311","40,831","61,439","52,283","69,790",,"84,798","90,836","84,244","60,645","66,456","120,752","52,029","80,246","75,127","54,432",,"56,518","67,891","50,174","75,703","58,404"
south_carolina_margin_of_error,±871,"±1,472",,"±4,051","±4,876","±5,928","±4,695","±7,473","±7,287","±9,418","±5,176","±4,104","±1,631",,"±7,211","±3,437","±3,374","±5,272","±3,660","±2,179",,"±13,746","±11,049","±12,987","±5,337","±7,904","±5,224","±9,542","±5,374","±3,315","±2,503",,"±3,541","±7,965","±6,389","±12,068","±5,247"
south_dakota_estimate,"59,681","54,924",,"63,215","56,089","59,112","41,386","49,021","60,678","55,861","63,420","64,860","48,573",,"39,958","49,348","37,160","53,159","51,071","63,338",,"90,707","78,270","79,286","47,386","73,693","95,403","70,435","83,538","68,141","52,249",,"48,617","59,980","33,000","55,682","54,633"
south_dakota_margin_of_error,"±1,427","±3,122",,"±3,724","±7,363","±28,802","±2,030","±29,861","±17,530","±23,779","±3,506","±10,303","±2,178",,"±17,045","±14,007","±11,813","±15,876","±3,610","±2,271",,"±46,665","±13,353","±29,182","±13,646","±16,402","±7,879","±75,024","±10,414","±6,634","±3,126",,"±2,562","±24,716","±27,090","±17,592","±9,044"
tennessee_estimate,"63,010","56,327",,"72,752","53,222","57,404","48,258","62,996","86,751","46,877","60,074","64,779","48,174",,"51,269","50,102","48,301","49,153","51,553","70,572",,"96,228","85,399","99,261","61,298","77,350","107,869","46,143","74,889","75,318","53,001",,"68,661","63,866","53,255","63,779","63,123"
tennessee_margin_of_error,±739,"±1,279",,"±6,806","±2,563","±8,813","±2,088","±4,493","±4,097","±11,912","±3,723","±3,872","±2,608",,"±7,031","±7,147","±5,684","±5,783","±3,211","±1,323",,"±7,635","±8,654","±14,062","±6,302","±8,826","±6,630","±19,121","±3,561","±3,596","±2,175",,"±8,792","±3,569","±7,238","±4,194","±6,598"
texas_estimate,"72,154","63,802",,"82,049","64,510","63,240","51,694","66,492","92,899","58,294","69,641","70,668","55,962",,"54,828","56,822","48,392","59,433","55,659","81,519",,"107,036","90,163","92,281","68,788","88,573","125,522","65,143","85,293","86,917","60,735",,"67,635","69,789","61,250","75,141","71,669"
texas_margin_of_error,±633,±527,,"±2,647","±1,716","±3,303","±1,362","±3,846","±3,403","±1,251","±2,677","±1,950","±1,343",,"±2,603","±2,865","±2,902","±1,553","±1,974",±722,,"±3,025","±3,998","±8,462","±3,245","±4,008","±2,678","±2,819","±1,838","±2,304",±722,,"±3,195","±4,043","±2,539","±4,423","±2,666"
utah_estimate,"71,082","61,174",,"82,661","64,117","62,604","50,716","64,330","87,010","48,663","58,801","76,264","49,295",,"44,875","52,720","41,914","59,397","50,782","82,087",,"115,496","106,883","89,624","73,668","83,574","120,566","60,818","78,360","93,640","59,116",,"77,248","70,846","50,921","74,048","63,633"
utah_margin_of_error,"±1,443","±1,292",,"±4,756","±9,973","±9,143","±6,682","±11,466","±7,869","±7,304","±3,324","±2,597","±3,598",,"±7,480","±11,177","±3,570","±7,125","±5,053","±1,714",,"±6,554","±14,028","±13,244","±11,338","±8,387","±8,404","±15,785","±2,760","±5,072","±3,264",,"±14,609","±12,202","±9,831","±5,626","±8,050"
vermont_estimate,"63,076","54,689",,"71,870","42,283","50,299","63,758","64,176","88,997","51,552","61,332","61,781","53,148",,"55,387","51,825","41,655","53,478","55,186","69,193",,"87,849","77,454","86,429","74,538","69,529","105,170","67,466","76,939","67,898","61,688",,"52,626","70,074","55,331","61,306","64,367"
vermont_margin_of_error,"±1,726","±2,331",,"±16,320","±4,754","±27,911","±10,631","±17,075","±10,843","±18,262","±11,190","±3,922","±8,442",,"±8,139","±3,904","±12,013","±6,232","±11,586","±2,743",,"±11,096","±10,087","±13,733","±4,438","±6,705","±6,458","±29,576","±11,125","±12,355","±5,099",,"±7,617","±8,616","±8,677","±6,109","±7,779"
virginia_estimate,"84,017","71,413",,"93,857","64,988","71,472","62,090","80,622","96,127","64,350","68,817","79,727","52,500",,"58,213","61,513","52,254","61,260","64,290","98,855",,"129,127","108,581","125,085","67,523","111,191","137,386","89,371","89,526","102,093","62,319",,"84,550","93,782","71,449","85,313","85,108"
virginia_margin_of_error,±855,"±1,090",,"±4,656","±4,469","±5,222","±3,549","±2,425","±3,952","±7,976","±3,278","±3,601","±1,666",,"±5,776","±3,849","±2,909","±3,535","±3,642","±1,801",,"±6,519","±12,896","±13,067","±5,829","±7,572","±4,004","±12,737","±3,776","±1,768","±2,674",,"±7,192","±5,037","±9,119","±4,378","±3,479"
washington_estimate,"87,357","79,114",,"135,351","69,734","85,392","60,544","81,707","121,316","61,167","73,866","82,186","59,548",,"62,395","62,023","49,924","69,243","62,950","97,368",,"142,368","99,461","113,407","87,158","96,235","145,916","104,733","94,235","96,166","80,503",,"77,091","82,999","67,456","81,211","81,634"
washington_margin_of_error,"±1,201","±1,414",,"±8,858","±3,796","±7,054","±5,540","±3,879","±4,545","±10,248","±3,619","±3,173","±4,059",,"±3,434","±5,493","±4,729","±5,468","±3,533","±2,026",,"±11,589","±6,205","±11,238","±6,019","±5,090","±6,298","±11,319","±2,676","±4,297","±3,531",,"±4,052","±4,400","±5,028","±6,050","±5,209"
west_virginia_estimate,"58,901","49,987",,"69,118","51,116","50,096","41,476","54,633","85,176","45,227","53,949","55,497","43,243",,"36,659","56,206","49,295","47,083","41,460","67,131",,"91,616","106,507","126,082","58,280","87,986","100,853","43,526","70,984","73,340","52,367",,"68,368","60,407","55,743","53,022","55,781"
west_virginia_margin_of_error,"±2,022","±2,422",,"±25,216","±4,527","±19,681","±8,007","±19,780","±19,327","±25,815","±8,006","±11,606","±2,761",,"±8,203","±15,891","±17,203","±9,630","±2,707","±3,106",,"±29,441","±16,924","±40,197","±17,426","±19,033","±10,745","±1,453","±6,183","±7,587","±2,114",,"±12,449","±15,592","±10,563","±15,989","±4,313"
wisconsin_estimate,"67,829","60,537",,"78,653","58,500","61,158","51,409","61,534","85,767","60,964","64,572","69,682","48,960",,"51,807","51,913","47,765","60,818","54,895","74,979",,"99,125","82,900","93,326","63,806","76,009","120,126","70,870","80,203","82,394","61,044",,"67,100","62,493","54,971","67,396","64,876"
wisconsin_margin_of_error,±869,±904,,"±7,908","±3,003","±4,738","±3,361","±4,305","±3,003","±8,883","±2,118","±2,847","±1,043",,"±3,472","±2,130","±5,213","±3,866","±1,912",±991,,"±4,248","±5,279","±8,354","±7,045","±3,512","±5,713","±15,563","±1,981","±2,728","±1,336",,"±5,559","±5,772","±4,770","±5,516","±4,265"
wyoming_estimate,"62,659","55,310",,"63,833","61,922","70,631","63,625","46,847","68,889","90,362","61,609","56,633","56,192",,"44,415","48,954","41,733","37,996","52,385","69,152",,"84,304","70,906","69,012","64,167","73,800","125,291",-,"72,918","89,844","58,724",,"65,603","46,791","51,546","66,086","65,315"
wyoming_margin_of_error,"±1,943","±3,376",,"±8,983","±11,994","±21,086","±19,892","±13,452","±17,711","±53,072","±6,194","±10,800","±7,339",,"±14,616","±17,676","±11,685","±10,846","±14,084","±2,309",,"±23,570","±14,606","±29,965","±33,300","±12,883","±44,867",**,"±7,526","±22,170","±9,290",,"±21,195","±13,172","±3,514","±23,621","±14,154"
puerto_rico_estimate,"30,959","24,387",,"24,031","25,944","34,748","20,710","24,451","53,828","26,406","25,689","26,982","22,058",,"16,992","19,752","17,147","23,692","20,729","36,562",,"38,263","53,006","55,702","41,494","41,549","80,745","39,857","38,291","35,725","28,373",,"33,706","28,894","25,708","35,199","35,032"
puerto_rico_margin_of_error,±695,"±1,173",,"±5,118","±5,633","±16,509","±1,817","±4,460","±8,541","±41,148","±1,702","±2,352",±900,,"±6,140","±8,012","±4,036","±7,251","±2,491","±1,157",,"±8,866","±9,159","±26,979","±6,268","±4,026","±16,618","±6,244","±4,084","±1,763","±1,569",,"±10,368","±6,639","±4,152","±12,150","±4,259"
