,state,sex,education,estimate,margin_of_error,state_abbrev,4_year_pct_students_loans_avg,4_year_avg_student_loans_avg,2-3_year_pct_students_loans_avg,2-3_year_avg_student_loans_avg,<2_year_pct_students_loans_avg,<2_year_avg_student_loans_avg,fed_student_loans_per_year,total_fed_student_loans,monthly_payment,total_cost_of_fed_loan,age_starting_work,y_intercept,gross_at_starting_age,gross_at_39
0,Alabama,total,Total,42463,488,AL,59.833333333333336,7144.724137931034,16.04,5076.1578947368425,73.46666666666667,7098.2,0.0,0.0,0.0,0.0,,,42463.0,
1,Alabama,total,Less_than_high_school_graduate,28515,1683,AL,59.833333333333336,7144.724137931034,16.04,5076.1578947368425,73.46666666666667,7098.2,0.0,0.0,0.0,0.0,16.0,-427725.0,28515.0,684360.0
2,Alabama,total,High_school_graduate_includes_equivalency,34127,1153,AL,59.833333333333336,7144.724137931034,16.04,5076.1578947368425,73.46666666666667,7098.2,0.0,0.0,0.0,0.0,18.0,-580159.0,34127.0,750794.0
3,Alabama,total,Some_college_or_associates_degree,39501,944,AL,59.833333333333336,7144.724137931034,16.04,5076.1578947368425,73.46666666666667,7098.2,5076.1578947368425,10152.315789473685,110.17930453109895,13221.516543731874,20.0,-763740.5165437319,26279.483456268128,776798.4834562681
4,Alabama,total,Bachelors_degree,56640,1667,AL,59.833333333333336,7144.724137931034,16.04,5076.1578947368425,73.46666666666667,7098.2,7144.724137931034,28578.896551724138,310.15612709762127,37218.73525171455,22.0,-1226658.7352517145,19421.26474828545,982301.2647482854
5,Alabama,total,Graduate_or_professional_degree,70732,1893,AL,59.833333333333336,7144.724137931034,16.04,5076.1578947368425,73.46666666666667,7098.2,0.0,0.0,0.0,0.0,26.0,-1768300.0,70732.0,990248.0
18,Alaska,total,Total,53582,1470,AK,18.166666666666668,5589.8,28.5,7364.0,11.0,7768.0,0.0,0.0,0.0,0.0,,,53582.0,
19,Alaska,total,Less_than_high_school_graduate,41145,3279,AK,18.166666666666668,5589.8,28.5,7364.0,11.0,7768.0,0.0,0.0,0.0,0.0,16.0,-617175.0,41145.0,987480.0
20,Alaska,total,High_school_graduate_includes_equivalency,40651,2478,AK,18.166666666666668,5589.8,28.5,7364.0,11.0,7768.0,0.0,0.0,0.0,0.0,18.0,-691067.0,40651.0,894322.0
21,Alaska,total,Some_college_or_associates_degree,51499,2127,AK,18.166666666666668,5589.8,28.5,7364.0,11.0,7768.0,7364.0,14728.0,159.83750218019472,19180.500261623365,20.0,-997661.5002616234,32318.499738376635,1010799.4997383766
22,Alaska,total,Bachelors_degree,67321,5978,AK,18.166666666666668,5589.8,28.5,7364.0,11.0,7768.0,5589.8,22359.2,242.6560754173961,29118.72905008753,22.0,-1442859.7290500875,38202.27094991247,1182659.2709499125
23,Alaska,total,Graduate_or_professional_degree,89202,4757,AK,18.166666666666668,5589.8,28.5,7364.0,11.0,7768.0,0.0,0.0,0.0,0.0,26.0,-2230050.0,89202.0,1248828.0
36,Arizona,total,Total,48738,558,AZ,61.125,8297.761904761905,32.75757575757576,5916.451612903225,62.470588235294116,6630.794117647059,0.0,0.0,0.0,0.0,,,48738.0,
37,Arizona,total,Less_than_high_school_graduate,31966,538,AZ,61.125,8297.761904761905,32.75757575757576,5916.451612903225,62.470588235294116,6630.794117647059,0.0,0.0,0.0,0.0,16.0,-479490.0,31966.0,767184.0
38,Arizona,total,High_school_graduate_includes_equivalency,38547,909,AZ,61.125,8297.761904761905,32.75757575757576,5916.451612903225,62.470588235294116,6630.794117647059,0.0,0.0,0.0,0.0,18.0,-655299.0,38547.0,848034.0
39,Arizona,total,Some_college_or_associates_degree,45115,797,AZ,61.125,8297.761904761905,32.75757575757576,5916.451612903225,62.470588235294116,6630.794117647059,5916.451612903225,11832.90322580645,128.41809445633294,15410.171334759953,20.0,-872595.1713347599,29704.82866524005,886889.8286652401
40,Arizona,total,Bachelors_degree,63471,839,AZ,61.125,8297.761904761905,32.75757575757576,5916.451612903225,62.470588235294116,6630.794117647059,8297.761904761905,33191.04761904762,360.21008597042845,43225.21031645141,22.0,-1376116.2103164515,20245.789683548588,1099252.7896835485
41,Arizona,total,Graduate_or_professional_degree,76587,1626,AZ,61.125,8297.761904761905,32.75757575757576,5916.451612903225,62.470588235294116,6630.794117647059,0.0,0.0,0.0,0.0,26.0,-1914675.0,76587.0,1072218.0
54,Arkansas,total,Total,41385,401,AR,55.28,6423.125,18.72,4533.4,75.48275862068965,6801.6551724137935,0.0,0.0,0.0,0.0,,,41385.0,
55,Arkansas,total,Less_than_high_school_graduate,30770,1084,AR,55.28,6423.125,18.72,4533.4,75.48275862068965,6801.6551724137935,0.0,0.0,0.0,0.0,16.0,-461550.0,30770.0,738480.0
56,Arkansas,total,High_school_graduate_includes_equivalency,34517,1008,AR,55.28,6423.125,18.72,4533.4,75.48275862068965,6801.6551724137935,0.0,0.0,0.0,0.0,18.0,-586789.0,34517.0,759374.0
57,Arkansas,total,Some_college_or_associates_degree,38814,996,AR,55.28,6423.125,18.72,4533.4,75.48275862068965,6801.6551724137935,4533.4,9066.8,98.39860570120786,11807.832684144943,20.0,-749273.832684145,27006.167315855055,764472.167315855
58,Arkansas,total,Bachelors_degree,53117,1497,AR,55.28,6423.125,18.72,4533.4,75.48275862068965,6801.6551724137935,6423.125,25692.5,278.83113964996284,33459.73675799554,22.0,-1148916.7367579956,19657.26324200446,922646.2632420044
59,Arkansas,total,Graduate_or_professional_degree,68769,2856,AR,55.28,6423.125,18.72,4533.4,75.48275862068965,6801.6551724137935,0.0,0.0,0.0,0.0,26.0,-1719225.0,68769.0,962766.0
72,California,total,Total,52520,233,CA,40.59016393442623,6967.296969696969,33.48108108108108,6725.548387096775,52.327586206896555,6425.581081081081,0.0,0.0,0.0,0.0,,,52520.0,
73,California,total,Less_than_high_school_graduate,30843,186,CA,40.59016393442623,6967.296969696969,33.48108108108108,6725.548387096775,52.327586206896555,6425.581081081081,0.0,0.0,0.0,0.0,16.0,-462645.0,30843.0,740232.0
74,California,total,High_school_graduate_includes_equivalency,38507,460,CA,40.59016393442623,6967.296969696969,33.48108108108108,6725.548387096775,52.327586206896555,6425.581081081081,0.0,0.0,0.0,0.0,18.0,-654619.0,38507.0,847154.0
75,California,total,Some_college_or_associates_degree,47535,425,CA,40.59016393442623,6967.296969696969,33.48108108108108,6725.548387096775,52.327586206896555,6425.581081081081,6725.548387096775,13451.09677419355,145.9797467389443,17517.569608673315,20.0,-920682.5696086733,30017.430391326685,933182.4303913267
76,California,total,Bachelors_degree,75688,567,CA,40.59016393442623,6967.296969696969,33.48108108108108,6725.548387096775,52.327586206896555,6425.581081081081,6967.296969696969,27869.187878787878,302.4539230266169,36294.470763194025,22.0,-1625742.470763194,39393.529236805975,1326089.529236806
77,California,total,Graduate_or_professional_degree,103600,734,CA,40.59016393442623,6967.296969696969,33.48108108108108,6725.548387096775,52.327586206896555,6425.581081081081,0.0,0.0,0.0,0.0,26.0,-2590000.0,103600.0,1450400.0
90,Colorado,total,Total,55648,720,CO,44.09375,6707.46875,53.291666666666664,6498.217391304348,64.72222222222223,6554.6875,0.0,0.0,0.0,0.0,,,55648.0,
91,Colorado,total,Less_than_high_school_graduate,34357,1706,CO,44.09375,6707.46875,53.291666666666664,6498.217391304348,64.72222222222223,6554.6875,0.0,0.0,0.0,0.0,16.0,-515355.0,34357.0,824568.0
92,Colorado,total,High_school_graduate_includes_equivalency,42245,868,CO,44.09375,6707.46875,53.291666666666664,6498.217391304348,64.72222222222223,6554.6875,0.0,0.0,0.0,0.0,18.0,-718165.0,42245.0,929390.0
93,Colorado,total,Some_college_or_associates_degree,46542,821,CO,44.09375,6707.46875,53.291666666666664,6498.217391304348,64.72222222222223,6554.6875,6498.217391304348,12996.434782608696,141.04546937126398,16925.456324551677,20.0,-901223.4563245517,29616.543675448323,913914.5436754483
94,Colorado,total,Bachelors_degree,69493,1237,CO,44.09375,6707.46875,53.291666666666664,6498.217391304348,64.72222222222223,6554.6875,6707.46875,26829.875,291.17464718949293,34940.95766273915,22.0,-1494293.957662739,34552.04233726085,1215933.042337261
95,Colorado,total,Graduate_or_professional_degree,84468,1931,CO,44.09375,6707.46875,53.291666666666664,6498.217391304348,64.72222222222223,6554.6875,0.0,0.0,0.0,0.0,26.0,-2111700.0,84468.0,1182552.0
108,Connecticut,total,Total,58734,1178,CT,55.148148148148145,7916.615384615385,25.727272727272727,6185.555555555556,77.125,6244.333333333333,0.0,0.0,0.0,0.0,,,58734.0,
109,Connecticut,total,Less_than_high_school_graduate,31767,1063,CT,55.148148148148145,7916.615384615385,25.727272727272727,6185.555555555556,77.125,6244.333333333333,0.0,0.0,0.0,0.0,16.0,-476505.0,31767.0,762408.0
110,Connecticut,total,High_school_graduate_includes_equivalency,41610,793,CT,55.148148148148145,7916.615384615385,25.727272727272727,6185.555555555556,77.125,6244.333333333333,0.0,0.0,0.0,0.0,18.0,-707370.0,41610.0,915420.0
111,Connecticut,total,Some_college_or_associates_degree,49709,1754,CT,55.148148148148145,7916.615384615385,25.727272727272727,6185.555555555556,77.125,6244.333333333333,6185.555555555556,12371.111111111111,134.25906431244252,16111.087717493103,20.0,-960582.0877174931,33597.9122825069,978068.9122825069
112,Connecticut,total,Bachelors_degree,75597,1766,CT,55.148148148148145,7916.615384615385,25.727272727272727,6185.555555555556,77.125,6244.333333333333,7916.615384615385,31666.46153846154,343.66432069479214,41239.71848337506,22.0,-1628776.7184833752,34357.28151662494,1319506.2815166248
113,Connecticut,total,Graduate_or_professional_degree,92566,1859,CT,55.148148148148145,7916.615384615385,25.727272727272727,6185.555555555556,77.125,6244.333333333333,0.0,0.0,0.0,0.0,26.0,-2314150.0,92566.0,1295924.0
126,Delaware,total,Total,50835,878,DE,43.0,6695.8,82.0,7577.0,57.666666666666664,6274.6,0.0,0.0,0.0,0.0,,,50835.0,
127,Delaware,total,Less_than_high_school_graduate,34578,2306,DE,43.0,6695.8,82.0,7577.0,57.666666666666664,6274.6,0.0,0.0,0.0,0.0,16.0,-518670.0,34578.0,829872.0
128,Delaware,total,High_school_graduate_includes_equivalency,39820,2238,DE,43.0,6695.8,82.0,7577.0,57.666666666666664,6274.6,0.0,0.0,0.0,0.0,18.0,-676940.0,39820.0,876040.0
129,Delaware,total,Some_college_or_associates_degree,44530,1758,DE,43.0,6695.8,82.0,7577.0,57.666666666666664,6274.6,7577.0,15154.0,164.46072162131117,19735.28659455734,20.0,-865805.2865945573,24794.71340544266,870864.7134054427
130,Delaware,total,Bachelors_degree,64139,3027,DE,43.0,6695.8,82.0,7577.0,57.666666666666664,6274.6,6695.8,26783.2,290.6681007871124,34880.17209445349,22.0,-1381799.1720944536,29258.82790554651,1119621.8279055464
131,Delaware,total,Graduate_or_professional_degree,79150,3804,DE,43.0,6695.8,82.0,7577.0,57.666666666666664,6274.6,0.0,0.0,0.0,0.0,26.0,-1978750.0,79150.0,1108100.0
144,District_of_Columbia,total,Total,83510,2750,DC,33.9,6623.0,83.5,6703.0,62.5,7155.0,0.0,0.0,0.0,0.0,,,83510.0,
145,District_of_Columbia,total,Less_than_high_school_graduate,26970,6116,DC,33.9,6623.0,83.5,6703.0,62.5,7155.0,0.0,0.0,0.0,0.0,16.0,-404550.0,26970.0,647280.0
146,District_of_Columbia,total,High_school_graduate_includes_equivalency,38599,4544,DC,33.9,6623.0,83.5,6703.0,62.5,7155.0,0.0,0.0,0.0,0.0,18.0,-656183.0,38599.0,849178.0
147,District_of_Columbia,total,Some_college_or_associates_degree,48566,3947,DC,33.9,6623.0,83.5,6703.0,62.5,7155.0,6703.0,13406.0,145.49032823381927,17458.839388058313,20.0,-940212.8393880583,31107.160611941687,953861.1606119417
148,District_of_Columbia,total,Bachelors_degree,83903,2914,DC,33.9,6623.0,83.5,6703.0,62.5,7155.0,6623.0,26492.0,287.5078155729032,34500.937868748384,22.0,-1796463.9378687483,49402.062131251616,1475753.0621312517
149,District_of_Columbia,total,Graduate_or_professional_degree,113205,6360,DC,33.9,6623.0,83.5,6703.0,62.5,7155.0,0.0,0.0,0.0,0.0,26.0,-2830125.0,113205.0,1584870.0
162,Florida,total,Total,44036,330,FL,42.80701754385965,6875.417475728155,53.38461538461539,7719.38,56.389830508474574,6539.021739130435,0.0,0.0,0.0,0.0,,,44036.0,
163,Florida,total,Less_than_high_school_graduate,28063,876,FL,42.80701754385965,6875.417475728155,53.38461538461539,7719.38,56.389830508474574,6539.021739130435,0.0,0.0,0.0,0.0,16.0,-420945.0,28063.0,673512.0
164,Florida,total,High_school_graduate_includes_equivalency,34769,469,FL,42.80701754385965,6875.417475728155,53.38461538461539,7719.38,56.389830508474574,6539.021739130435,0.0,0.0,0.0,0.0,18.0,-591073.0,34769.0,764918.0
165,Florida,total,Some_college_or_associates_degree,41565,288,FL,42.80701754385965,6875.417475728155,53.38461538461539,7719.38,56.389830508474574,6539.021739130435,7719.38,15438.76,167.55111591251378,20106.133909501652,20.0,-809841.1339095016,21458.866090498348,811193.8660904984
166,Florida,total,Bachelors_degree,56243,818,FL,42.80701754385965,6875.417475728155,53.38461538461539,7719.38,56.389830508474574,6539.021739130435,6875.417475728155,27501.66990291262,298.4653872260858,35815.84646713029,22.0,-1216918.8464671304,20427.153532869706,976558.1535328696
167,Florida,total,Graduate_or_professional_degree,74215,1259,FL,42.80701754385965,6875.417475728155,53.38461538461539,7719.38,56.389830508474574,6539.021739130435,0.0,0.0,0.0,0.0,26.0,-1855375.0,74215.0,1039010.0
180,Georgia,total,Total,47625,512,GA,52.5625,6766.8387096774195,36.54761904761905,6016.9473684210525,74.11111111111111,7114.851851851852,0.0,0.0,0.0,0.0,,,47625.0,
181,Georgia,total,Less_than_high_school_graduate,30325,631,GA,52.5625,6766.8387096774195,36.54761904761905,6016.9473684210525,74.11111111111111,7114.851851851852,0.0,0.0,0.0,0.0,16.0,-454875.0,30325.0,727800.0
182,Georgia,total,High_school_graduate_includes_equivalency,35880,536,GA,52.5625,6766.8387096774195,36.54761904761905,6016.9473684210525,74.11111111111111,7114.851851851852,0.0,0.0,0.0,0.0,18.0,-609960.0,35880.0,789360.0
183,Georgia,total,Some_college_or_associates_degree,42139,452,GA,52.5625,6766.8387096774195,36.54761904761905,6016.9473684210525,74.11111111111111,7114.851851851852,6016.9473684210525,12033.894736842105,130.5993805157682,15671.925661892183,20.0,-816312.9256618922,26467.074338107817,827108.0743381078
184,Georgia,total,Bachelors_degree,63803,738,GA,52.5625,6766.8387096774195,36.54761904761905,6016.9473684210525,74.11111111111111,7114.851851851852,6766.8387096774195,27067.354838709678,293.75192748807456,35250.23129856895,22.0,-1375113.231298569,28552.76870143105,1113203.768701431
185,Georgia,total,Graduate_or_professional_degree,78550,1341,GA,52.5625,6766.8387096774195,36.54761904761905,6016.9473684210525,74.11111111111111,7114.851851851852,0.0,0.0,0.0,0.0,26.0,-1963750.0,78550.0,1099700.0
198,Hawaii,total,Total,50993,644,HI,23.88888888888889,6376.875,23.11111111111111,5841.444444444444,45.0,5570.0,0.0,0.0,0.0,0.0,,,50993.0,
199,Hawaii,total,Less_than_high_school_graduate,29829,4287,HI,23.88888888888889,6376.875,23.11111111111111,5841.444444444444,45.0,5570.0,0.0,0.0,0.0,0.0,16.0,-447435.0,29829.0,715896.0
200,Hawaii,total,High_school_graduate_includes_equivalency,41441,1095,HI,23.88888888888889,6376.875,23.11111111111111,5841.444444444444,45.0,5570.0,0.0,0.0,0.0,0.0,18.0,-704497.0,41441.0,911702.0
201,Hawaii,total,Some_college_or_associates_degree,46737,1326,HI,23.88888888888889,6376.875,23.11111111111111,5841.444444444444,45.0,5570.0,5841.444444444444,11682.888888888889,126.7900446936957,15214.805363243484,20.0,-903217.8053632434,31522.194636756518,919525.1946367566
202,Hawaii,total,Bachelors_degree,61880,1700,HI,23.88888888888889,6376.875,23.11111111111111,5841.444444444444,45.0,5570.0,6376.875,25507.5,276.82340350769397,33218.80842092328,22.0,-1332698.8084209233,28661.191579076723,1080621.1915790767
203,Hawaii,total,Graduate_or_professional_degree,79653,2735,HI,23.88888888888889,6376.875,23.11111111111111,5841.444444444444,45.0,5570.0,0.0,0.0,0.0,0.0,26.0,-1991325.0,79653.0,1115142.0
216,Idaho,total,Total,43844,772,ID,49.27272727272727,6238.636363636364,56.375,6051.25,78.64285714285714,6742.5,0.0,0.0,0.0,0.0,,,43844.0,
217,Idaho,total,Less_than_high_school_graduate,35192,2579,ID,49.27272727272727,6238.636363636364,56.375,6051.25,78.64285714285714,6742.5,0.0,0.0,0.0,0.0,16.0,-527880.0,35192.0,844608.0
218,Idaho,total,High_school_graduate_includes_equivalency,37406,1078,ID,49.27272727272727,6238.636363636364,56.375,6051.25,78.64285714285714,6742.5,0.0,0.0,0.0,0.0,18.0,-635902.0,37406.0,822932.0
219,Idaho,total,Some_college_or_associates_degree,40546,696,ID,49.27272727272727,6238.636363636364,56.375,6051.25,78.64285714285714,6742.5,6051.25,12102.5,131.34392790167072,15761.271348200487,20.0,-786135.2713482005,24784.728651799513,795158.7286517995
220,Idaho,total,Bachelors_degree,54796,2048,ID,49.27272727272727,6238.636363636364,56.375,6051.25,78.64285714285714,6742.5,6238.636363636364,24954.545454545456,270.8223936377429,32498.687236529146,22.0,-1183214.687236529,22297.312763470854,953829.3127634708
221,Idaho,total,Graduate_or_professional_degree,72869,3340,ID,49.27272727272727,6238.636363636364,56.375,6051.25,78.64285714285714,6742.5,0.0,0.0,0.0,0.0,26.0,-1821725.0,72869.0,1020166.0
234,Illinois,total,Total,51922,298,IL,58.705882352941174,6720.409090909091,19.677966101694917,5023.929824561404,68.91428571428571,6313.363636363636,0.0,0.0,0.0,0.0,,,51922.0,
235,Illinois,total,Less_than_high_school_graduate,31826,508,IL,58.705882352941174,6720.409090909091,19.677966101694917,5023.929824561404,68.91428571428571,6313.363636363636,0.0,0.0,0.0,0.0,16.0,-477390.0,31826.0,763824.0
236,Illinois,total,High_school_graduate_includes_equivalency,38766,778,IL,58.705882352941174,6720.409090909091,19.677966101694917,5023.929824561404,68.91428571428571,6313.363636363636,0.0,0.0,0.0,0.0,18.0,-659022.0,38766.0,852852.0
237,Illinois,total,Some_college_or_associates_degree,44169,589,IL,58.705882352941174,6720.409090909091,19.677966101694917,5023.929824561404,68.91428571428571,6313.363636363636,5023.929824561404,10047.859649122807,109.04568091885913,13085.481710263097,20.0,-852296.4817102631,31083.5182897369,870294.5182897369
238,Illinois,total,Bachelors_degree,68489,1145,IL,58.705882352941174,6720.409090909091,19.677966101694917,5023.929824561404,68.91428571428571,6313.363636363636,6720.409090909091,26881.636363636364,291.73639400325425,35008.36728039051,22.0,-1473277.3672803906,33480.63271960949,1197793.6327196094
239,Illinois,total,Graduate_or_professional_degree,84140,1200,IL,58.705882352941174,6720.409090909091,19.677966101694917,5023.929824561404,68.91428571428571,6313.363636363636,0.0,0.0,0.0,0.0,26.0,-2103500.0,84140.0,1177960.0
252,Indiana,total,Total,46623,410,IN,54.490566037735846,6719.843137254902,69.0,7986.0,76.36666666666666,7883.413793103448,0.0,0.0,0.0,0.0,,,46623.0,
253,Indiana,total,Less_than_high_school_graduate,32019,746,IN,54.490566037735846,6719.843137254902,69.0,7986.0,76.36666666666666,7883.413793103448,0.0,0.0,0.0,0.0,16.0,-480285.0,32019.0,768456.0
254,Indiana,total,High_school_graduate_includes_equivalency,38553,630,IN,54.490566037735846,6719.843137254902,69.0,7986.0,76.36666666666666,7883.413793103448,0.0,0.0,0.0,0.0,18.0,-655401.0,38553.0,848166.0
255,Indiana,total,Some_college_or_associates_degree,44403,656,IN,54.490566037735846,6719.843137254902,69.0,7986.0,76.36666666666666,7883.413793103448,7986.0,15972.0,173.33817115847842,20800.58053901741,20.0,-864457.5805390175,23602.41946098259,867259.4194609825
256,Indiana,total,Bachelors_degree,58609,1231,IN,54.490566037735846,6719.843137254902,69.0,7986.0,76.36666666666666,7883.413793103448,6719.843137254902,26879.37254901961,291.7118256658194,35005.419079898325,22.0,-1265794.4190798984,23603.580920101675,1019956.5809201017
257,Indiana,total,Graduate_or_professional_degree,73559,2217,IN,54.490566037735846,6719.843137254902,69.0,7986.0,76.36666666666666,7883.413793103448,0.0,0.0,0.0,0.0,26.0,-1838975.0,73559.0,1029826.0
270,Iowa,total,Total,48569,620,IA,67.32352941176471,7812.363636363636,61.2,6033.114285714286,88.0,5196.0,0.0,0.0,0.0,0.0,,,48569.0,
271,Iowa,total,Less_than_high_school_graduate,32968,2066,IA,67.32352941176471,7812.363636363636,61.2,6033.114285714286,88.0,5196.0,0.0,0.0,0.0,0.0,16.0,-494520.0,32968.0,791232.0
272,Iowa,total,High_school_graduate_includes_equivalency,39439,863,IA,67.32352941176471,7812.363636363636,61.2,6033.114285714286,88.0,5196.0,0.0,0.0,0.0,0.0,18.0,-670463.0,39439.0,867658.0
273,Iowa,total,Some_college_or_associates_degree,45837,899,IA,67.32352941176471,7812.363636363636,61.2,6033.114285714286,88.0,5196.0,6033.114285714286,12066.228571428572,130.95028758775408,15714.03451053049,20.0,-886617.0345105305,30122.965489469512,901025.9654894695
274,Iowa,total,Bachelors_degree,58561,1365,IA,67.32352941176471,7812.363636363636,61.2,6033.114285714286,88.0,5196.0,7812.363636363636,31249.454545454544,339.138699011338,40696.643881360564,22.0,-1270477.6438813605,17864.356118639436,1013401.3561186395
275,Iowa,total,Graduate_or_professional_degree,73926,1640,IA,67.32352941176471,7812.363636363636,61.2,6033.114285714286,88.0,5196.0,0.0,0.0,0.0,0.0,26.0,-1848150.0,73926.0,1034964.0
288,Kansas,total,Total,47295,608,KS,66.3225806451613,6435.333333333333,39.275862068965516,5274.517241379311,74.81818181818181,7133.545454545455,0.0,0.0,0.0,0.0,,,47295.0,
289,Kansas,total,Less_than_high_school_graduate,32838,1788,KS,66.3225806451613,6435.333333333333,39.275862068965516,5274.517241379311,74.81818181818181,7133.545454545455,0.0,0.0,0.0,0.0,16.0,-492570.0,32838.0,788112.0
290,Kansas,total,High_school_graduate_includes_equivalency,36659,834,KS,66.3225806451613,6435.333333333333,39.275862068965516,5274.517241379311,74.81818181818181,7133.545454545455,0.0,0.0,0.0,0.0,18.0,-623203.0,36659.0,806498.0
291,Kansas,total,Some_college_or_associates_degree,42026,612,KS,66.3225806451613,6435.333333333333,39.275862068965516,5274.517241379311,74.81818181818181,7133.545454545455,5274.517241379311,10549.034482758621,114.48474484905489,13738.169381886586,20.0,-812232.1693818866,28287.830618113414,826781.8306181134
292,Kansas,total,Bachelors_degree,58583,1296,KS,66.3225806451613,6435.333333333333,39.275862068965516,5274.517241379311,74.81818181818181,7133.545454545455,6435.333333333333,25741.333333333332,279.36110964066984,33523.333156880384,22.0,-1263766.3331568805,25059.666843119616,1020970.6668431197
293,Kansas,total,Graduate_or_professional_degree,70216,2564,KS,66.3225806451613,6435.333333333333,39.275862068965516,5274.517241379311,74.81818181818181,7133.545454545455,0.0,0.0,0.0,0.0,26.0,-1755400.0,70216.0,983024.0
306,Kentucky,total,Total,43032,581,KY,57.588235294117645,6866.8125,29.681818181818183,5273.761904761905,66.27272727272727,8381.9,0.0,0.0,0.0,0.0,,,43032.0,
307,Kentucky,total,Less_than_high_school_graduate,27314,1182,KY,57.588235294117645,6866.8125,29.681818181818183,5273.761904761905,66.27272727272727,8381.9,0.0,0.0,0.0,0.0,16.0,-409710.0,27314.0,655536.0
308,Kentucky,total,High_school_graduate_includes_equivalency,35301,680,KY,57.588235294117645,6866.8125,29.681818181818183,5273.761904761905,66.27272727272727,8381.9,0.0,0.0,0.0,0.0,18.0,-600117.0,35301.0,776622.0
309,Kentucky,total,Some_college_or_associates_degree,40667,587,KY,57.588235294117645,6866.8125,29.681818181818183,5273.761904761905,66.27272727272727,8381.9,5273.761904761905,10547.52380952381,114.46835007471601,13736.202008965922,20.0,-786409.2020089659,26930.79799103408,799603.7979910341
310,Kentucky,total,Bachelors_degree,55682,1551,KY,57.588235294117645,6866.8125,29.681818181818183,5273.761904761905,66.27272727272727,8381.9,6866.8125,27467.25,298.091840830999,35771.02089971988,22.0,-1205093.0208997198,19910.97910028012,966504.9791002801
311,Kentucky,total,Graduate_or_professional_degree,67351,2115,KY,57.588235294117645,6866.8125,29.681818181818183,5273.761904761905,66.27272727272727,8381.9,0.0,0.0,0.0,0.0,26.0,-1683775.0,67351.0,942914.0
324,Louisiana,total,Total,43207,748,LA,52.925925925925924,6089.384615384615,56.82142857142857,6503.851851851852,66.08333333333333,6502.738095238095,0.0,0.0,0.0,0.0,,,43207.0,
325,Louisiana,total,Less_than_high_school_graduate,25977,890,LA,52.925925925925924,6089.384615384615,56.82142857142857,6503.851851851852,66.08333333333333,6502.738095238095,0.0,0.0,0.0,0.0,16.0,-389655.0,25977.0,623448.0
326,Louisiana,total,High_school_graduate_includes_equivalency,33568,1577,LA,52.925925925925924,6089.384615384615,56.82142857142857,6503.851851851852,66.08333333333333,6502.738095238095,0.0,0.0,0.0,0.0,18.0,-570656.0,33568.0,738496.0
327,Louisiana,total,Some_college_or_associates_degree,40916,730,LA,52.925925925925924,6089.384615384615,56.82142857142857,6503.851851851852,66.08333333333333,6502.738095238095,6503.851851851852,13007.703703703704,141.16776677757113,16940.132013308536,20.0,-794344.1320133086,23975.867986691464,801379.8679866914
328,Louisiana,total,Bachelors_degree,55685,1818,LA,52.925925925925924,6089.384615384615,56.82142857142857,6503.851851851852,66.08333333333333,6502.738095238095,6089.384615384615,24357.53846153846,264.3432989510002,31721.19587412002,22.0,-1201106.19587412,23963.80412587998,970608.80412588
329,Louisiana,total,Graduate_or_professional_degree,65857,2150,LA,52.925925925925924,6089.384615384615,56.82142857142857,6503.851851851852,66.08333333333333,6502.738095238095,0.0,0.0,0.0,0.0,26.0,-1646425.0,65857.0,921998.0
342,Maine,total,Total,45966,802,ME,57.73684210526316,7844.0526315789475,32.44444444444444,5897.888888888889,59.5,5769.75,0.0,0.0,0.0,0.0,,,45966.0,
343,Maine,total,Less_than_high_school_graduate,31011,1816,ME,57.73684210526316,7844.0526315789475,32.44444444444444,5897.888888888889,59.5,5769.75,0.0,0.0,0.0,0.0,16.0,-465165.0,31011.0,744264.0
344,Maine,total,High_school_graduate_includes_equivalency,36375,1080,ME,57.73684210526316,7844.0526315789475,32.44444444444444,5897.888888888889,59.5,5769.75,0.0,0.0,0.0,0.0,18.0,-618375.0,36375.0,800250.0
345,Maine,total,Some_college_or_associates_degree,43898,1709,ME,57.73684210526316,7844.0526315789475,32.44444444444444,5897.888888888889,59.5,5769.75,5897.888888888889,11795.777777777777,128.01518578711622,15361.822294453947,20.0,-849423.822294454,28536.177705546055,862598.177705546
346,Maine,total,Bachelors_degree,53866,1760,ME,57.73684210526316,7844.0526315789475,32.44444444444444,5897.888888888889,59.5,5769.75,7844.0526315789475,31376.21052631579,340.51433449254813,40861.720139105775,22.0,-1172047.7201391058,13004.279860894225,928726.2798608942
347,Maine,total,Graduate_or_professional_degree,69390,3263,ME,57.73684210526316,7844.0526315789475,32.44444444444444,5897.888888888889,59.5,5769.75,0.0,0.0,0.0,0.0,26.0,-1734750.0,69390.0,971460.0
360,Maryland,total,Total,61166,532,MD,40.766666666666666,6967.76,21.77777777777778,5113.882352941177,74.73913043478261,6235.727272727273,0.0,0.0,0.0,0.0,,,61166.0,
361,Maryland,total,Less_than_high_school_graduate,33805,1890,MD,40.766666666666666,6967.76,21.77777777777778,5113.882352941177,74.73913043478261,6235.727272727273,0.0,0.0,0.0,0.0,16.0,-507075.0,33805.0,811320.0
362,Maryland,total,High_school_graduate_includes_equivalency,40888,673,MD,40.766666666666666,6967.76,21.77777777777778,5113.882352941177,74.73913043478261,6235.727272727273,0.0,0.0,0.0,0.0,18.0,-695096.0,40888.0,899536.0
363,Maryland,total,Some_college_or_associates_degree,50548,879,MD,40.766666666666666,6967.76,21.77777777777778,5113.882352941177,74.73913043478261,6235.727272727273,5113.882352941177,10227.764705882353,110.99812353849737,13319.774824619684,20.0,-973731.7748246196,37228.225175380314,997640.2251753804
364,Maryland,total,Bachelors_degree,76711,1358,MD,40.766666666666666,6967.76,21.77777777777778,5113.882352941177,74.73913043478261,6235.727272727273,6967.76,27871.04,302.4740234087652,36296.88280905183,22.0,-1647227.8828090518,40414.11719094817,1344501.1171909482
365,Maryland,total,Graduate_or_professional_degree,99484,1941,MD,40.766666666666666,6967.76,21.77777777777778,5113.882352941177,74.73913043478261,6235.727272727273,0.0,0.0,0.0,0.0,26.0,-2487100.0,99484.0,1392776.0
378,Massachusetts,total,Total,62009,462,MA,58.80821917808219,8086.506849315068,29.095238095238095,5426.9473684210525,56.35294117647059,6773.935483870968,0.0,0.0,0.0,0.0,,,62009.0,
379,Massachusetts,total,Less_than_high_school_graduate,34472,2061,MA,58.80821917808219,8086.506849315068,29.095238095238095,5426.9473684210525,56.35294117647059,6773.935483870968,0.0,0.0,0.0,0.0,16.0,-517080.0,34472.0,827328.0
380,Massachusetts,total,High_school_graduate_includes_equivalency,42196,531,MA,58.80821917808219,8086.506849315068,29.095238095238095,5426.9473684210525,56.35294117647059,6773.935483870968,0.0,0.0,0.0,0.0,18.0,-717332.0,42196.0,928312.0
381,Massachusetts,total,Some_college_or_associates_degree,49021,1132,MA,58.80821917808219,8086.506849315068,29.095238095238095,5426.9473684210525,56.35294117647059,6773.935483870968,5426.9473684210525,10853.894736842105,117.79327971643156,14135.193565971787,20.0,-945534.1935659718,34885.806434028214,966284.8064340282
382,Massachusetts,total,Bachelors_degree,77137,1049,MA,58.80821917808219,8086.506849315068,29.095238095238095,5426.9473684210525,56.35294117647059,6773.935483870968,8086.506849315068,32346.027397260274,351.03939602323646,42124.72752278837,22.0,-1662001.7275227883,35012.27247721163,1346341.2724772117
383,Massachusetts,total,Graduate_or_professional_degree,95136,1232,MA,58.80821917808219,8086.506849315068,29.095238095238095,5426.9473684210525,56.35294117647059,6773.935483870968,0.0,0.0,0.0,0.0,26.0,-2378400.0,95136.0,1331904.0
396,Michigan,total,Total,47259,406,MI,53.0,7466.0204081632655,22.529411764705884,5538.172413793103,61.228070175438596,9026.907407407407,0.0,0.0,0.0,0.0,,,47259.0,
397,Michigan,total,Less_than_high_school_graduate,30404,670,MI,53.0,7466.0204081632655,22.529411764705884,5538.172413793103,61.228070175438596,9026.907407407407,0.0,0.0,0.0,0.0,16.0,-456060.0,30404.0,729696.0
398,Michigan,total,High_school_graduate_includes_equivalency,35865,453,MI,53.0,7466.0204081632655,22.529411764705884,5538.172413793103,61.228070175438596,9026.907407407407,0.0,0.0,0.0,0.0,18.0,-609705.0,35865.0,789030.0
399,Michigan,total,Some_college_or_associates_degree,41762,337,MI,53.0,7466.0204081632655,22.529411764705884,5538.172413793103,61.228070175438596,9026.907407407407,5538.172413793103,11076.344827586207,120.20744775447439,14424.893730536927,20.0,-807902.8937305369,27337.106269463075,820815.1062694631
400,Michigan,total,Bachelors_degree,63077,740,MI,53.0,7466.0204081632655,22.529411764705884,5538.172413793103,61.228070175438596,9026.907407407407,7466.0204081632655,29864.081632653062,324.1037624299767,38892.4514915972,22.0,-1363509.451491597,24184.548508402797,1096493.548508403
401,Michigan,total,Graduate_or_professional_degree,78984,1580,MI,53.0,7466.0204081632655,22.529411764705884,5538.172413793103,61.228070175438596,9026.907407407407,0.0,0.0,0.0,0.0,26.0,-1974600.0,78984.0,1105776.0
414,Minnesota,total,Total,54047,337,MN,58.31111111111111,8508.714285714286,30.294117647058822,5576.290322580645,54.4,8854.75,0.0,0.0,0.0,0.0,,,54047.0,
415,Minnesota,total,Less_than_high_school_graduate,33274,1795,MN,58.31111111111111,8508.714285714286,30.294117647058822,5576.290322580645,54.4,8854.75,0.0,0.0,0.0,0.0,16.0,-499110.0,33274.0,798576.0
416,Minnesota,total,High_school_graduate_includes_equivalency,39997,757,MN,58.31111111111111,8508.714285714286,30.294117647058822,5576.290322580645,54.4,8854.75,0.0,0.0,0.0,0.0,18.0,-679949.0,39997.0,879934.0
417,Minnesota,total,Some_college_or_associates_degree,49014,708,MN,58.31111111111111,8508.714285714286,30.294117647058822,5576.290322580645,54.4,8854.75,5576.290322580645,11152.58064516129,121.03480670734417,14524.176804881301,20.0,-945790.1768048813,34489.8231951187,965755.8231951187
418,Minnesota,total,Bachelors_degree,68504,1126,MN,58.31111111111111,8508.714285714286,30.294117647058822,5576.290322580645,54.4,8854.75,8508.714285714286,34034.857142857145,369.3676366630937,44324.11639957125,22.0,-1482908.1163995713,24179.88360042875,1188747.8836004287
419,Minnesota,total,Graduate_or_professional_degree,82324,1259,MN,58.31111111111111,8508.714285714286,30.294117647058822,5576.290322580645,54.4,8854.75,0.0,0.0,0.0,0.0,26.0,-2058100.0,82324.0,1152536.0
432,Mississippi,total,Total,40342,446,MS,53.25,6321.466666666666,17.1875,4131.7692307692305,62.8,5608.153846153846,0.0,0.0,0.0,0.0,,,40342.0,
433,Mississippi,total,Less_than_high_school_graduate,26775,1916,MS,53.25,6321.466666666666,17.1875,4131.7692307692305,62.8,5608.153846153846,0.0,0.0,0.0,0.0,16.0,-401625.0,26775.0,642600.0
434,Mississippi,total,High_school_graduate_includes_equivalency,32789,1316,MS,53.25,6321.466666666666,17.1875,4131.7692307692305,62.8,5608.153846153846,0.0,0.0,0.0,0.0,18.0,-557413.0,32789.0,721358.0
435,Mississippi,total,Some_college_or_associates_degree,37485,981,MS,53.25,6321.466666666666,17.1875,4131.7692307692305,62.8,5608.153846153846,4131.7692307692305,8263.538461538461,89.6811072014039,10761.732864168469,20.0,-722976.7328641685,26723.26713583153,738938.2671358315
436,Mississippi,total,Bachelors_degree,50731,1381,MS,53.25,6321.466666666666,17.1875,4131.7692307692305,62.8,5608.153846153846,6321.466666666666,25285.866666666665,274.41809943382987,32930.17193205959,22.0,-1098281.1719320596,17800.828067940412,880227.8280679404
437,Mississippi,total,Graduate_or_professional_degree,57266,2090,MS,53.25,6321.466666666666,17.1875,4131.7692307692305,62.8,5608.153846153846,0.0,0.0,0.0,0.0,26.0,-1431650.0,57266.0,801724.0
450,Missouri,total,Total,45456,476,MO,62.94915254237288,6799.964912280701,43.92,5390.0,56.6,6989.529411764706,0.0,0.0,0.0,0.0,,,45456.0,
451,Missouri,total,Less_than_high_school_graduate,28414,1565,MO,62.94915254237288,6799.964912280701,43.92,5390.0,56.6,6989.529411764706,0.0,0.0,0.0,0.0,16.0,-426210.0,28414.0,681936.0
452,Missouri,total,High_school_graduate_includes_equivalency,35612,519,MO,62.94915254237288,6799.964912280701,43.92,5390.0,56.6,6989.529411764706,0.0,0.0,0.0,0.0,18.0,-605404.0,35612.0,783464.0
453,Missouri,total,Some_college_or_associates_degree,41874,441,MO,62.94915254237288,6799.964912280701,43.92,5390.0,56.6,6989.529411764706,5390.0,10780.0,116.99132764139728,14038.959316967674,20.0,-809644.9593169676,27835.040683032326,823441.0406830324
454,Missouri,total,Bachelors_degree,57693,1123,MO,62.94915254237288,6799.964912280701,43.92,5390.0,56.6,6989.529411764706,6799.964912280701,27199.859649122805,295.1899528766741,35422.79434520089,22.0,-1246975.794345201,22270.20565479911,1003051.2056547991
455,Missouri,total,Graduate_or_professional_degree,70894,1418,MO,62.94915254237288,6799.964912280701,43.92,5390.0,56.6,6989.529411764706,0.0,0.0,0.0,0.0,26.0,-1772350.0,70894.0,992516.0
468,Montana,total,Total,43414,1266,MT,41.0,6190.272727272727,36.9,5424.142857142857,53.6,5766.8,0.0,0.0,0.0,0.0,,,43414.0,
469,Montana,total,Less_than_high_school_graduate,30133,4113,MT,41.0,6190.272727272727,36.9,5424.142857142857,53.6,5766.8,0.0,0.0,0.0,0.0,16.0,-451995.0,30133.0,723192.0
470,Montana,total,High_school_graduate_includes_equivalency,35674,923,MT,41.0,6190.272727272727,36.9,5424.142857142857,53.6,5766.8,0.0,0.0,0.0,0.0,18.0,-606458.0,35674.0,784828.0
471,Montana,total,Some_college_or_associates_degree,39948,1161,MT,41.0,6190.272727272727,36.9,5424.142857142857,53.6,5766.8,5424.142857142857,10848.285714285714,117.7324070823274,14127.888849879288,20.0,-773139.8888498793,25820.111150120712,784832.1111501207
472,Montana,total,Bachelors_degree,50894,1378,MT,41.0,6190.272727272727,36.9,5424.142857142857,53.6,5766.8,6190.272727272727,24761.090909090908,268.72290346047106,32246.748415256527,22.0,-1101020.7484152566,18647.251584743473,883845.2515847435
473,Montana,total,Graduate_or_professional_degree,68235,2421,MT,41.0,6190.272727272727,36.9,5424.142857142857,53.6,5766.8,0.0,0.0,0.0,0.0,26.0,-1705875.0,68235.0,955290.0
486,Nebraska,total,Total,49244,870,NE,56.1,6964.0526315789475,49.411764705882355,6015.066666666667,,,0.0,0.0,0.0,0.0,,,49244.0,
487,Nebraska,total,Less_than_high_school_graduate,33308,2022,NE,56.1,6964.0526315789475,49.411764705882355,6015.066666666667,,,0.0,0.0,0.0,0.0,16.0,-499620.0,33308.0,799392.0
488,Nebraska,total,High_school_graduate_includes_equivalency,38758,1570,NE,56.1,6964.0526315789475,49.411764705882355,6015.066666666667,,,0.0,0.0,0.0,0.0,18.0,-658886.0,38758.0,852676.0
489,Nebraska,total,Some_college_or_associates_degree,44111,1179,NE,56.1,6964.0526315789475,49.411764705882355,6015.066666666667,,,6015.066666666667,12030.133333333333,130.55855940349673,15667.027128419608,20.0,-853776.0271284196,28443.972871580394,866552.9728715804
490,Nebraska,total,Bachelors_degree,58817,1729,NE,56.1,6964.0526315789475,49.411764705882355,6015.066666666667,,,6964.0526315789475,27856.21052631579,302.3130846504592,36277.5701580551,22.0,-1271434.570158055,22539.429841944897,1022428.429841945
491,Nebraska,total,Graduate_or_professional_degree,74208,2651,NE,56.1,6964.0526315789475,49.411764705882355,6015.066666666667,,,0.0,0.0,0.0,0.0,26.0,-1855200.0,74208.0,1038912.0
504,Nevada,total,Total,44247,729,NV,37.36363636363637,6775.545454545455,83.5,7379.25,66.72727272727273,6532.545454545455,0.0,0.0,0.0,0.0,,,44247.0,
505,Nevada,total,Less_than_high_school_graduate,34591,1524,NV,37.36363636363637,6775.545454545455,83.5,7379.25,66.72727272727273,6532.545454545455,0.0,0.0,0.0,0.0,16.0,-518865.0,34591.0,830184.0
506,Nevada,total,High_school_graduate_includes_equivalency,37581,1246,NV,37.36363636363637,6775.545454545455,83.5,7379.25,66.72727272727273,6532.545454545455,0.0,0.0,0.0,0.0,18.0,-638877.0,37581.0,826782.0
507,Nevada,total,Some_college_or_associates_degree,43743,1130,NV,37.36363636363637,6775.545454545455,83.5,7379.25,66.72727272727273,6532.545454545455,7379.25,14758.5,160.16850732797417,19220.2208793569,20.0,-850337.2208793568,24522.7791206431,855639.7791206432
508,Nevada,total,Bachelors_degree,59999,2381,NV,37.36363636363637,6775.545454545455,83.5,7379.25,66.72727272727273,6532.545454545455,6775.545454545455,27102.18181818182,294.12989173354634,35295.58700802556,22.0,-1295274.5870080255,24703.412991974437,1044686.4129919744
509,Nevada,total,Graduate_or_professional_degree,75253,2169,NV,37.36363636363637,6775.545454545455,83.5,7379.25,66.72727272727273,6532.545454545455,0.0,0.0,0.0,0.0,26.0,-1881325.0,75253.0,1053542.0
522,New_Hampshire,total,Total,55756,1483,NH,69.35714285714286,7527.571428571428,44.57142857142857,5622.714285714285,77.33333333333333,6944.0,0.0,0.0,0.0,0.0,,,55756.0,
523,New_Hampshire,total,Less_than_high_school_graduate,38365,2874,NH,69.35714285714286,7527.571428571428,44.57142857142857,5622.714285714285,77.33333333333333,6944.0,0.0,0.0,0.0,0.0,16.0,-575475.0,38365.0,920760.0
524,New_Hampshire,total,High_school_graduate_includes_equivalency,42335,1476,NH,69.35714285714286,7527.571428571428,44.57142857142857,5622.714285714285,77.33333333333333,6944.0,0.0,0.0,0.0,0.0,18.0,-719695.0,42335.0,931370.0
525,New_Hampshire,total,Some_college_or_associates_degree,48955,2127,NH,69.35714285714286,7527.571428571428,44.57142857142857,5622.714285714285,77.33333333333333,6944.0,5622.714285714285,11245.42857142857,122.04245069275788,14645.094083130945,20.0,-944790.0940831309,34309.90591686906,964454.9059168691
526,New_Hampshire,total,Bachelors_degree,67982,2341,NH,69.35714285714286,7527.571428571428,44.57142857142857,5622.714285714285,77.33333333333333,6944.0,7527.571428571428,30110.285714285714,326.77572368980367,39213.08684277644,22.0,-1466835.0868427765,28768.913157223556,1184462.9131572235
527,New_Hampshire,total,Graduate_or_professional_degree,84072,2366,NH,69.35714285714286,7527.571428571428,44.57142857142857,5622.714285714285,77.33333333333333,6944.0,0.0,0.0,0.0,0.0,26.0,-2101800.0,84072.0,1177008.0
540,New_Jersey,total,Total,60145,574,NJ,32.45614035087719,7403.176470588235,37.75675675675676,6099.470588235294,62.744680851063826,6697.822222222222,0.0,0.0,0.0,0.0,,,60145.0,
541,New_Jersey,total,Less_than_high_school_graduate,31962,603,NJ,32.45614035087719,7403.176470588235,37.75675675675676,6099.470588235294,62.744680851063826,6697.822222222222,0.0,0.0,0.0,0.0,16.0,-479430.0,31962.0,767088.0
542,New_Jersey,total,High_school_graduate_includes_equivalency,40193,538,NJ,32.45614035087719,7403.176470588235,37.75675675675676,6099.470588235294,62.744680851063826,6697.822222222222,0.0,0.0,0.0,0.0,18.0,-683281.0,40193.0,884246.0
543,New_Jersey,total,Some_college_or_associates_degree,50489,568,NJ,32.45614035087719,7403.176470588235,37.75675675675676,6099.470588235294,62.744680851063826,6697.822222222222,6099.470588235294,12198.941176470587,132.390568094119,15886.86817129428,20.0,-975177.8681712942,34602.13182870572,993893.1318287058
544,New_Jersey,total,Bachelors_degree,76725,1057,NJ,32.45614035087719,7403.176470588235,37.75675675675676,6099.470588235294,62.744680851063826,6697.822222222222,7403.176470588235,29612.70588235294,321.3756749750172,38565.080997002064,22.0,-1649790.080997002,38159.919002997936,1342484.919002998
545,New_Jersey,total,Graduate_or_professional_degree,98247,1908,NJ,32.45614035087719,7403.176470588235,37.75675675675676,6099.470588235294,62.744680851063826,6697.822222222222,0.0,0.0,0.0,0.0,26.0,-2456175.0,98247.0,1375458.0
558,New_Mexico,total,Total,41866,573,NM,34.166666666666664,6000.7,12.0,4694.631578947368,70.75,6916.0,0.0,0.0,0.0,0.0,,,41866.0,
559,New_Mexico,total,Less_than_high_school_graduate,26396,1303,NM,34.166666666666664,6000.7,12.0,4694.631578947368,70.75,6916.0,0.0,0.0,0.0,0.0,16.0,-395940.0,26396.0,633504.0
560,New_Mexico,total,High_school_graduate_includes_equivalency,31961,744,NM,34.166666666666664,6000.7,12.0,4694.631578947368,70.75,6916.0,0.0,0.0,0.0,0.0,18.0,-543337.0,31961.0,703142.0
561,New_Mexico,total,Some_college_or_associates_degree,39701,1458,NM,34.166666666666664,6000.7,12.0,4694.631578947368,70.75,6916.0,4694.631578947368,9389.263157894737,101.8981783317777,12227.781399813324,20.0,-766546.7813998134,27473.218600186676,781792.2186001866
562,New_Mexico,total,Bachelors_degree,55322,1829,NM,34.166666666666664,6000.7,12.0,4694.631578947368,70.75,6916.0,6000.7,24002.8,260.49345446298054,31259.214535557665,22.0,-1193021.2145355577,24062.785464442335,964536.7854644423
563,New_Mexico,total,Graduate_or_professional_degree,73105,2622,NM,34.166666666666664,6000.7,12.0,4694.631578947368,70.75,6916.0,0.0,0.0,0.0,0.0,26.0,-1827625.0,73105.0,1023470.0
576,New_York,total,Total,53631,311,NY,37.30102040816327,7706.863309352518,36.09090909090909,5930.492307692308,61.191489361702125,6902.875,0.0,0.0,0.0,0.0,,,53631.0,
577,New_York,total,Less_than_high_school_graduate,29259,783,NY,37.30102040816327,7706.863309352518,36.09090909090909,5930.492307692308,61.191489361702125,6902.875,0.0,0.0,0.0,0.0,16.0,-438885.0,29259.0,702216.0
578,New_York,total,High_school_graduate_includes_equivalency,37377,416,NY,37.30102040816327,7706.863309352518,36.09090909090909,5930.492307692308,61.191489361702125,6902.875,0.0,0.0,0.0,0.0,18.0,-635409.0,37377.0,822294.0
579,New_York,total,Some_college_or_associates_degree,46298,626,NY,37.30102040816327,7706.863309352518,36.09090909090909,5930.492307692308,61.191489361702125,6902.875,5930.492307692308,11860.984615384616,128.7228513254206,15446.742159050473,20.0,-895108.7421590504,30851.257840949525,910513.2578409496
580,New_York,total,Bachelors_degree,71567,807,NY,37.30102040816327,7706.863309352518,36.09090909090909,5930.492307692308,61.191489361702125,6902.875,7706.863309352518,30827.45323741007,334.55887588568595,40147.065106282316,22.0,-1543054.0651062822,31419.934893717684,1248058.9348937178
581,New_York,total,Graduate_or_professional_degree,87776,1143,NY,37.30102040816327,7706.863309352518,36.09090909090909,5930.492307692308,61.191489361702125,6902.875,0.0,0.0,0.0,0.0,26.0,-2194400.0,87776.0,1228864.0
594,North_Carolina,total,Total,46075,437,NC,62.79032258064516,7294.193548387097,11.276923076923078,6850.232558139535,65.32,7856.217391304348,0.0,0.0,0.0,0.0,,,46075.0,
595,North_Carolina,total,Less_than_high_school_graduate,30324,538,NC,62.79032258064516,7294.193548387097,11.276923076923078,6850.232558139535,65.32,7856.217391304348,0.0,0.0,0.0,0.0,16.0,-454860.0,30324.0,727776.0
596,North_Carolina,total,High_school_graduate_includes_equivalency,35269,606,NC,62.79032258064516,7294.193548387097,11.276923076923078,6850.232558139535,65.32,7856.217391304348,0.0,0.0,0.0,0.0,18.0,-599573.0,35269.0,775918.0
597,North_Carolina,total,Some_college_or_associates_degree,41354,353,NC,62.79032258064516,7294.193548387097,11.276923076923078,6850.232558139535,65.32,7856.217391304348,6850.232558139535,13700.46511627907,148.686048539716,17842.32582476592,20.0,-803568.325824766,23511.67417523408,809237.674175234
598,North_Carolina,total,Bachelors_degree,59713,990,NC,62.79032258064516,7294.193548387097,11.276923076923078,6850.232558139535,65.32,7856.217391304348,7294.193548387097,29176.774193548386,316.64467061191874,37997.36047343025,22.0,-1291970.3604734302,21715.63952656975,1036836.6395265698
599,North_Carolina,total,Graduate_or_professional_degree,76062,1365,NC,62.79032258064516,7294.193548387097,11.276923076923078,6850.232558139535,65.32,7856.217391304348,0.0,0.0,0.0,0.0,26.0,-1901550.0,76062.0,1064868.0
612,North_Dakota,total,Total,50304,904,ND,49.53333333333333,7827.727272727273,55.333333333333336,7183.375,47.0,8245.0,0.0,0.0,0.0,0.0,,,50304.0,
613,North_Dakota,total,Less_than_high_school_graduate,41762,2849,ND,49.53333333333333,7827.727272727273,55.333333333333336,7183.375,47.0,8245.0,0.0,0.0,0.0,0.0,16.0,-626430.0,41762.0,1002288.0
614,North_Dakota,total,High_school_graduate_includes_equivalency,39250,1816,ND,49.53333333333333,7827.727272727273,55.333333333333336,7183.375,47.0,8245.0,0.0,0.0,0.0,0.0,18.0,-667250.0,39250.0,863500.0
615,North_Dakota,total,Some_college_or_associates_degree,47258,1504,ND,49.53333333333333,7827.727272727273,55.333333333333336,7183.375,47.0,8245.0,7183.375,14366.75,155.9169903888724,18710.038846664687,20.0,-916612.0388466647,28547.961153335313,926449.9611533353
616,North_Dakota,total,Bachelors_degree,56830,2007,ND,49.53333333333333,7827.727272727273,55.333333333333336,7183.375,47.0,8245.0,7827.727272727273,31310.909090909092,339.80564231953156,40776.67707834379,22.0,-1234206.6770783437,16053.32292165621,982163.3229216562
617,North_Dakota,total,Graduate_or_professional_degree,71211,4930,ND,49.53333333333333,7827.727272727273,55.333333333333336,7183.375,47.0,8245.0,0.0,0.0,0.0,0.0,26.0,-1780275.0,71211.0,996954.0
630,Ohio,total,Total,47521,357,OH,58.70093457943925,6575.704761904762,57.8421052631579,6037.69014084507,56.31506849315068,7056.123076923077,0.0,0.0,0.0,0.0,,,47521.0,
631,Ohio,total,Less_than_high_school_graduate,30152,910,OH,58.70093457943925,6575.704761904762,57.8421052631579,6037.69014084507,56.31506849315068,7056.123076923077,0.0,0.0,0.0,0.0,16.0,-452280.0,30152.0,723648.0
632,Ohio,total,High_school_graduate_includes_equivalency,36919,427,OH,58.70093457943925,6575.704761904762,57.8421052631579,6037.69014084507,56.31506849315068,7056.123076923077,0.0,0.0,0.0,0.0,18.0,-627623.0,36919.0,812218.0
633,Ohio,total,Some_college_or_associates_degree,42690,433,OH,58.70093457943925,6575.704761904762,57.8421052631579,6037.69014084507,56.31506849315068,7056.123076923077,6037.69014084507,12075.38028169014,131.04960769292018,15725.95292315042,20.0,-826835.9529231504,26964.04707684958,838074.0470768496
634,Ohio,total,Bachelors_degree,62605,681,OH,58.70093457943925,6575.704761904762,57.8421052631579,6037.69014084507,56.31506849315068,7056.123076923077,6575.704761904762,26302.819047619047,285.45470511061086,34254.5646132733,22.0,-1348959.5646132734,28350.4353867267,1092635.4353867266
635,Ohio,total,Graduate_or_professional_degree,77691,1125,OH,58.70093457943925,6575.704761904762,57.8421052631579,6037.69014084507,56.31506849315068,7056.123076923077,0.0,0.0,0.0,0.0,26.0,-1942275.0,77691.0,1087674.0
648,Oklahoma,total,Total,42362,311,OK,48.7037037037037,6596.37037037037,26.285714285714285,5578.1578947368425,30.34285714285714,6380.666666666667,0.0,0.0,0.0,0.0,,,42362.0,
649,Oklahoma,total,Less_than_high_school_graduate,30354,983,OK,48.7037037037037,6596.37037037037,26.285714285714285,5578.1578947368425,30.34285714285714,6380.666666666667,0.0,0.0,0.0,0.0,16.0,-455310.0,30354.0,728496.0
650,Oklahoma,total,High_school_graduate_includes_equivalency,35332,406,OK,48.7037037037037,6596.37037037037,26.285714285714285,5578.1578947368425,30.34285714285714,6380.666666666667,0.0,0.0,0.0,0.0,18.0,-600644.0,35332.0,777304.0
651,Oklahoma,total,Some_college_or_associates_degree,40237,525,OK,48.7037037037037,6596.37037037037,26.285714285714285,5578.1578947368425,30.34285714285714,6380.666666666667,5578.1578947368425,11156.315789473685,121.07534283833112,14529.041140599735,20.0,-779032.0411405998,25707.958859400263,790210.9588594002
652,Oklahoma,total,Bachelors_degree,53732,1026,OK,48.7037037037037,6596.37037037037,26.285714285714285,5578.1578947368425,30.34285714285714,6380.666666666667,6596.37037037037,26385.48148148148,286.3518097380353,34362.21716856423,22.0,-1162734.2171685642,19369.78283143577,932813.7828314358
653,Oklahoma,total,Graduate_or_professional_degree,70191,1657,OK,48.7037037037037,6596.37037037037,26.285714285714285,5578.1578947368425,30.34285714285714,6380.666666666667,0.0,0.0,0.0,0.0,26.0,-1754775.0,70191.0,982674.0
666,Oregon,total,Total,48807,906,OR,60.125,7239.791666666667,41.77142857142857,5904.735294117647,64.71428571428571,7167.0,0.0,0.0,0.0,0.0,,,48807.0,
667,Oregon,total,Less_than_high_school_graduate,30994,1258,OR,60.125,7239.791666666667,41.77142857142857,5904.735294117647,64.71428571428571,7167.0,0.0,0.0,0.0,0.0,16.0,-464910.0,30994.0,743856.0
668,Oregon,total,High_school_graduate_includes_equivalency,37284,835,OR,60.125,7239.791666666667,41.77142857142857,5904.735294117647,64.71428571428571,7167.0,0.0,0.0,0.0,0.0,18.0,-633828.0,37284.0,820248.0
669,Oregon,total,Some_college_or_associates_degree,42769,887,OR,60.125,7239.791666666667,41.77142857142857,5904.735294117647,64.71428571428571,7167.0,5904.735294117647,11809.470588235294,128.16378876249348,15379.654651499219,20.0,-827990.6546514992,27389.34534850078,840000.3453485008
670,Oregon,total,Bachelors_degree,62676,1256,OR,60.125,7239.791666666667,41.77142857142857,5904.735294117647,64.71428571428571,7167.0,7239.791666666667,28959.166666666668,314.2830571170529,37713.96685404635,22.0,-1353909.9668540463,24962.033145953646,1090454.0331459537
671,Oregon,total,Graduate_or_professional_degree,81633,1759,OR,60.125,7239.791666666667,41.77142857142857,5904.735294117647,64.71428571428571,7167.0,0.0,0.0,0.0,0.0,26.0,-2040825.0,81633.0,1142862.0
684,Pennsylvania,total,Total,50871,266,PA,66.41228070175438,8637.882882882883,61.97402597402598,7227.708333333333,66.38823529411765,7303.036144578313,0.0,0.0,0.0,0.0,,,50871.0,
685,Pennsylvania,total,Less_than_high_school_graduate,32177,897,PA,66.41228070175438,8637.882882882883,61.97402597402598,7227.708333333333,66.38823529411765,7303.036144578313,0.0,0.0,0.0,0.0,16.0,-482655.0,32177.0,772248.0
686,Pennsylvania,total,High_school_graduate_includes_equivalency,38087,545,PA,66.41228070175438,8637.882882882883,61.97402597402598,7227.708333333333,66.38823529411765,7303.036144578313,0.0,0.0,0.0,0.0,18.0,-647479.0,38087.0,837914.0
687,Pennsylvania,total,Some_college_or_associates_degree,44804,671,PA,66.41228070175438,8637.882882882883,61.97402597402598,7227.708333333333,66.38823529411765,7303.036144578313,7227.708333333333,14455.416666666666,156.87925672012196,18825.510806414633,20.0,-870101.5108064146,25978.489193585367,877254.4891935854
688,Pennsylvania,total,Bachelors_degree,64722,790,PA,66.41228070175438,8637.882882882883,61.97402597402598,7227.708333333333,66.38823529411765,7303.036144578313,8637.882882882883,34551.53153153153,374.97491149512746,44996.989379415296,22.0,-1404158.9893794153,19725.010620584704,1119999.0106205847
689,Pennsylvania,total,Graduate_or_professional_degree,80977,1013,PA,66.41228070175438,8637.882882882883,61.97402597402598,7227.708333333333,66.38823529411765,7303.036144578313,0.0,0.0,0.0,0.0,26.0,-2024425.0,80977.0,1133678.0
702,Rhode_Island,total,Total,54012,1173,RI,59.416666666666664,9745.25,26.5,5741.5,82.16666666666667,7343.666666666667,0.0,0.0,0.0,0.0,,,54012.0,
703,Rhode_Island,total,Less_than_high_school_graduate,35287,2762,RI,59.416666666666664,9745.25,26.5,5741.5,82.16666666666667,7343.666666666667,0.0,0.0,0.0,0.0,16.0,-529305.0,35287.0,846888.0
704,Rhode_Island,total,High_school_graduate_includes_equivalency,41160,1296,RI,59.416666666666664,9745.25,26.5,5741.5,82.16666666666667,7343.666666666667,0.0,0.0,0.0,0.0,18.0,-699720.0,41160.0,905520.0
705,Rhode_Island,total,Some_college_or_associates_degree,48802,2513,RI,59.416666666666664,9745.25,26.5,5741.5,82.16666666666667,7343.666666666667,5741.5,11483.0,124.62072498201901,14954.486997842281,20.0,-942192.4869978423,33847.51300215772,961085.5130021577
706,Rhode_Island,total,Bachelors_degree,67148,2815,RI,59.416666666666664,9745.25,26.5,5741.5,82.16666666666667,7343.666666666667,9745.25,38981.0,423.0462841177465,50765.55409412958,22.0,-1460873.5540941295,16382.445905870423,1157898.4459058705
707,Rhode_Island,total,Graduate_or_professional_degree,85586,4353,RI,59.416666666666664,9745.25,26.5,5741.5,82.16666666666667,7343.666666666667,0.0,0.0,0.0,0.0,26.0,-2139650.0,85586.0,1198204.0
720,South_Carolina,total,Total,43331,592,SC,58.89473684210526,6931.945945945946,29.875,6134.954545454545,77.04166666666667,7123.565217391304,0.0,0.0,0.0,0.0,,,43331.0,
721,South_Carolina,total,Less_than_high_school_graduate,27141,1330,SC,58.89473684210526,6931.945945945946,29.875,6134.954545454545,77.04166666666667,7123.565217391304,0.0,0.0,0.0,0.0,16.0,-407115.0,27141.0,651384.0
722,South_Carolina,total,High_school_graduate_includes_equivalency,34785,966,SC,58.89473684210526,6931.945945945946,29.875,6134.954545454545,77.04166666666667,7123.565217391304,0.0,0.0,0.0,0.0,18.0,-591345.0,34785.0,765270.0
723,South_Carolina,total,Some_college_or_associates_degree,40386,665,SC,58.89473684210526,6931.945945945946,29.875,6134.954545454545,77.04166666666667,7123.565217391304,6134.954545454545,12269.90909090909,133.16075645498185,15979.290774597823,20.0,-783313.2907745978,24406.709225402177,791740.7092254022
724,South_Carolina,total,Bachelors_degree,57407,1493,SC,58.89473684210526,6931.945945945946,29.875,6134.954545454545,77.04166666666667,7123.565217391304,6931.945945945946,27727.783783783783,300.9193170147004,36110.318041764054,22.0,-1241657.318041764,21296.681958235946,997215.6819582359
725,South_Carolina,total,Graduate_or_professional_degree,67170,1980,SC,58.89473684210526,6931.945945945946,29.875,6134.954545454545,77.04166666666667,7123.565217391304,0.0,0.0,0.0,0.0,26.0,-1679250.0,67170.0,940380.0
738,South_Dakota,total,Total,45902,667,SD,51.6,7204.083333333333,54.2,6473.5,73.33333333333333,6261.333333333333,0.0,0.0,0.0,0.0,,,45902.0,
739,South_Dakota,total,Less_than_high_school_graduate,30523,2259,SD,51.6,7204.083333333333,54.2,6473.5,73.33333333333333,6261.333333333333,0.0,0.0,0.0,0.0,16.0,-457845.0,30523.0,732552.0
740,South_Dakota,total,High_school_graduate_includes_equivalency,38669,1771,SD,51.6,7204.083333333333,54.2,6473.5,73.33333333333333,6261.333333333333,0.0,0.0,0.0,0.0,18.0,-657373.0,38669.0,850718.0
741,South_Dakota,total,Some_college_or_associates_degree,45237,1326,SD,51.6,7204.083333333333,54.2,6473.5,73.33333333333333,6261.333333333333,6473.5,12947.0,140.50897207543326,16861.076649051993,20.0,-876364.076649052,28375.923350948007,887878.923350948
742,South_Dakota,total,Bachelors_degree,52325,1924,SD,51.6,7204.083333333333,54.2,6473.5,73.33333333333333,6261.333333333333,7204.083333333333,28816.333333333332,312.7329401135174,37527.95281362208,22.0,-1136352.952813622,14797.047186377917,904322.0471863779
743,South_Dakota,total,Graduate_or_professional_degree,67981,3888,SD,51.6,7204.083333333333,54.2,6473.5,73.33333333333333,6261.333333333333,0.0,0.0,0.0,0.0,26.0,-1699525.0,67981.0,951734.0
756,Tennessee,total,Total,45072,401,TN,51.16,6400.1875,14.291666666666666,6068.777777777777,61.86486486486486,7228.472222222223,0.0,0.0,0.0,0.0,,,45072.0,
757,Tennessee,total,Less_than_high_school_graduate,30183,1146,TN,51.16,6400.1875,14.291666666666666,6068.777777777777,61.86486486486486,7228.472222222223,0.0,0.0,0.0,0.0,16.0,-452745.0,30183.0,724392.0
758,Tennessee,total,High_school_graduate_includes_equivalency,36093,577,TN,51.16,6400.1875,14.291666666666666,6068.777777777777,61.86486486486486,7228.472222222223,0.0,0.0,0.0,0.0,18.0,-613581.0,36093.0,794046.0
759,Tennessee,total,Some_college_or_associates_degree,41663,479,TN,51.16,6400.1875,14.291666666666666,6068.777777777777,61.86486486486486,7228.472222222223,6068.777777777777,12137.555555555555,131.72437279829884,15806.924735795861,20.0,-807403.9247357958,25856.07526420414,817453.0752642042
760,Tennessee,total,Bachelors_degree,57539,1113,TN,51.16,6400.1875,14.291666666666666,6068.777777777777,61.86486486486486,7228.472222222223,6400.1875,25600.75,277.83541104967543,33340.24932596105,22.0,-1241659.249325961,24198.75067403895,1002361.7506740389
761,Tennessee,total,Graduate_or_professional_degree,72837,1803,TN,51.16,6400.1875,14.291666666666666,6068.777777777777,61.86486486486486,7228.472222222223,0.0,0.0,0.0,0.0,26.0,-1820925.0,72837.0,1019718.0
774,Texas,total,Total,48430,370,TX,48.57983193277311,6462.401709401709,44.891304347826086,5768.955555555555,61.772413793103446,6095.190476190476,0.0,0.0,0.0,0.0,,,48430.0,
775,Texas,total,Less_than_high_school_graduate,29317,601,TX,48.57983193277311,6462.401709401709,44.891304347826086,5768.955555555555,61.772413793103446,6095.190476190476,0.0,0.0,0.0,0.0,16.0,-439755.0,29317.0,703608.0
776,Texas,total,High_school_graduate_includes_equivalency,36217,369,TX,48.57983193277311,6462.401709401709,44.891304347826086,5768.955555555555,61.772413793103446,6095.190476190476,0.0,0.0,0.0,0.0,18.0,-615689.0,36217.0,796774.0
777,Texas,total,Some_college_or_associates_degree,43687,586,TX,48.57983193277311,6462.401709401709,44.891304347826086,5768.955555555555,61.772413793103446,6095.190476190476,5768.955555555555,11537.91111111111,125.21665483277532,15025.998579933039,20.0,-845078.9985799331,28661.00142006696,858714.0014200669
778,Texas,total,Bachelors_degree,64905,584,TX,48.57983193277311,6462.401709401709,44.891304347826086,5768.955555555555,61.772413793103446,6095.190476190476,6462.401709401709,25849.606837606836,280.536161682724,33664.33940192688,22.0,-1396669.3394019268,31240.66059807312,1134625.6605980732
779,Texas,total,Graduate_or_professional_degree,82824,1260,TX,48.57983193277311,6462.401709401709,44.891304347826086,5768.955555555555,61.772413793103446,6095.190476190476,0.0,0.0,0.0,0.0,26.0,-2070600.0,82824.0,1159536.0
792,Utah,total,Total,51104,514,UT,54.111111111111114,6882.944444444444,20.2,4269.0,46.51428571428571,6741.9655172413795,0.0,0.0,0.0,0.0,,,51104.0,
793,Utah,total,Less_than_high_school_graduate,37472,1649,UT,54.111111111111114,6882.944444444444,20.2,4269.0,46.51428571428571,6741.9655172413795,0.0,0.0,0.0,0.0,16.0,-562080.0,37472.0,899328.0
794,Utah,total,High_school_graduate_includes_equivalency,40700,642,UT,54.111111111111114,6882.944444444444,20.2,4269.0,46.51428571428571,6741.9655172413795,0.0,0.0,0.0,0.0,18.0,-691900.0,40700.0,895400.0
795,Utah,total,Some_college_or_associates_degree,43406,1496,UT,54.111111111111114,6882.944444444444,20.2,4269.0,46.51428571428571,6741.9655172413795,4269.0,8538.0,92.65973612265769,11119.168334718923,20.0,-835833.1683347189,32286.831665281075,857000.8316652811
796,Utah,total,Bachelors_degree,60973,1200,UT,54.111111111111114,6882.944444444444,20.2,4269.0,46.51428571428571,6741.9655172413795,6882.944444444444,27531.777777777777,298.79213678572734,35855.05641428728,22.0,-1316288.0564142873,25117.943585712717,1061658.9435857127
797,Utah,total,Graduate_or_professional_degree,90548,2583,UT,54.111111111111114,6882.944444444444,20.2,4269.0,46.51428571428571,6741.9655172413795,0.0,0.0,0.0,0.0,26.0,-2263700.0,90548.0,1267672.0
810,Vermont,total,Total,50561,972,VT,57.833333333333336,8276.416666666666,14.0,4687.0,70.5,8430.5,0.0,0.0,0.0,0.0,,,50561.0,
811,Vermont,total,Less_than_high_school_graduate,34612,3841,VT,57.833333333333336,8276.416666666666,14.0,4687.0,70.5,8430.5,0.0,0.0,0.0,0.0,16.0,-519180.0,34612.0,830688.0
812,Vermont,total,High_school_graduate_includes_equivalency,41388,1466,VT,57.833333333333336,8276.416666666666,14.0,4687.0,70.5,8430.5,0.0,0.0,0.0,0.0,18.0,-703596.0,41388.0,910536.0
813,Vermont,total,Some_college_or_associates_degree,44003,3213,VT,57.833333333333336,8276.416666666666,14.0,4687.0,70.5,8430.5,4687.0,9374.0,101.7325329601538,12207.903955218457,20.0,-848264.9039552185,31795.096044781545,867852.0960447815
814,Vermont,total,Bachelors_degree,54163,2295,VT,57.833333333333336,8276.416666666666,14.0,4687.0,70.5,8430.5,8276.416666666666,33105.666666666664,359.28347827336586,43114.0173928039,22.0,-1180537.017392804,11048.9826071961,931819.9826071961
815,Vermont,total,Graduate_or_professional_degree,68409,2487,VT,57.833333333333336,8276.416666666666,14.0,4687.0,70.5,8430.5,0.0,0.0,0.0,0.0,26.0,-1710225.0,68409.0,957726.0
828,Virginia,total,Total,55607,529,VA,57.10344827586207,8036.125,29.18918918918919,5712.363636363636,59.96153846153846,6648.541666666667,0.0,0.0,0.0,0.0,,,55607.0,
829,Virginia,total,Less_than_high_school_graduate,30436,890,VA,57.10344827586207,8036.125,29.18918918918919,5712.363636363636,59.96153846153846,6648.541666666667,0.0,0.0,0.0,0.0,16.0,-456540.0,30436.0,730464.0
830,Virginia,total,High_school_graduate_includes_equivalency,39730,835,VA,57.10344827586207,8036.125,29.18918918918919,5712.363636363636,59.96153846153846,6648.541666666667,0.0,0.0,0.0,0.0,18.0,-675410.0,39730.0,874060.0
831,Virginia,total,Some_college_or_associates_degree,45135,748,VA,57.10344827586207,8036.125,29.18918918918919,5712.363636363636,59.96153846153846,6648.541666666667,5712.363636363636,11424.727272727272,123.98831276226747,14878.597531472096,20.0,-872443.5975314721,30256.402468527904,887821.4024685279
832,Virginia,total,Bachelors_degree,73893,1062,VA,57.10344827586207,8036.125,29.18918918918919,5712.363636363636,59.96153846153846,6648.541666666667,8036.125,32144.5,348.8522941900644,41862.27530280773,22.0,-1593615.2753028078,32030.724697192272,1288211.7246971922
833,Virginia,total,Graduate_or_professional_degree,96914,1436,VA,57.10344827586207,8036.125,29.18918918918919,5712.363636363636,59.96153846153846,6648.541666666667,0.0,0.0,0.0,0.0,26.0,-2422850.0,96914.0,1356796.0
846,Washington,total,Total,59430,775,WA,26.545454545454547,6078.811320754717,42.15384615384615,6383.916666666667,63.75,7126.368421052632,0.0,0.0,0.0,0.0,,,59430.0,
847,Washington,total,Less_than_high_school_graduate,36000,984,WA,26.545454545454547,6078.811320754717,42.15384615384615,6383.916666666667,63.75,7126.368421052632,0.0,0.0,0.0,0.0,16.0,-540000.0,36000.0,864000.0
848,Washington,total,High_school_graduate_includes_equivalency,42288,749,WA,26.545454545454547,6078.811320754717,42.15384615384615,6383.916666666667,63.75,7126.368421052632,0.0,0.0,0.0,0.0,18.0,-718896.0,42288.0,930336.0
849,Washington,total,Some_college_or_associates_degree,51740,658,WA,26.545454545454547,6078.811320754717,42.15384615384615,6383.916666666667,63.75,7126.368421052632,6383.916666666667,12767.833333333334,138.56454292864134,16627.74515143696,20.0,-999687.745151437,35112.25484856304,1018172.254848563
850,Washington,total,Bachelors_degree,76376,1126,WA,26.545454545454547,6078.811320754717,42.15384615384615,6383.916666666667,63.75,7126.368421052632,6078.811320754717,24315.245283018867,263.8843068262152,31666.116819145824,22.0,-1635562.1168191459,44709.88318085417,1343101.8831808541
851,Washington,total,Graduate_or_professional_degree,100613,1148,WA,26.545454545454547,6078.811320754717,42.15384615384615,6383.916666666667,63.75,7126.368421052632,0.0,0.0,0.0,0.0,26.0,-2515325.0,100613.0,1408582.0
864,West_Virginia,total,Total,42738,814,WV,59.958333333333336,7085.695652173913,36.82608695652174,4613.166666666667,18.210526315789473,9916.0,0.0,0.0,0.0,0.0,,,42738.0,
865,West_Virginia,total,Less_than_high_school_graduate,26692,2487,WV,59.958333333333336,7085.695652173913,36.82608695652174,4613.166666666667,18.210526315789473,9916.0,0.0,0.0,0.0,0.0,16.0,-400380.0,26692.0,640608.0
866,West_Virginia,total,High_school_graduate_includes_equivalency,35052,1392,WV,59.958333333333336,7085.695652173913,36.82608695652174,4613.166666666667,18.210526315789473,9916.0,0.0,0.0,0.0,0.0,18.0,-595884.0,35052.0,771144.0
867,West_Virginia,total,Some_college_or_associates_degree,40791,1001,WV,59.958333333333336,7085.695652173913,36.82608695652174,4613.166666666667,18.210526315789473,9916.0,4613.166666666667,9226.333333333334,100.12996158893739,12015.595390672486,20.0,-787044.5953906724,28775.404609327514,803804.4046093276
868,West_Virginia,total,Bachelors_degree,52887,1886,WV,59.958333333333336,7085.695652173913,36.82608695652174,4613.166666666667,18.210526315789473,9916.0,7085.695652173913,28342.782608695652,307.59367035647585,36911.2404427771,22.0,-1147538.240442777,15975.759557222897,915054.759557223
869,West_Virginia,total,Graduate_or_professional_degree,63974,3717,WV,59.958333333333336,7085.695652173913,36.82608695652174,4613.166666666667,18.210526315789473,9916.0,0.0,0.0,0.0,0.0,26.0,-1599350.0,63974.0,895636.0
882,Wisconsin,total,Total,50039,335,WI,60.372093023255815,7410.243902439024,45.0,5245.714285714285,77.11764705882354,7737.35294117647,0.0,0.0,0.0,0.0,,,50039.0,
883,Wisconsin,total,Less_than_high_school_graduate,35193,1456,WI,60.372093023255815,7410.243902439024,45.0,5245.714285714285,77.11764705882354,7737.35294117647,0.0,0.0,0.0,0.0,16.0,-527895.0,35193.0,844632.0
884,Wisconsin,total,High_school_graduate_includes_equivalency,40104,484,WI,60.372093023255815,7410.243902439024,45.0,5245.714285714285,77.11764705882354,7737.35294117647,0.0,0.0,0.0,0.0,18.0,-681768.0,40104.0,882288.0
885,Wisconsin,total,Some_college_or_associates_degree,45726,600,WI,60.372093023255815,7410.243902439024,45.0,5245.714285714285,77.11764705882354,7737.35294117647,5245.714285714285,10491.42857142857,113.85956933453771,13663.148320144524,20.0,-882457.1483201445,32062.851679855477,900856.8516798555
886,Wisconsin,total,Bachelors_degree,61428,837,WI,60.372093023255815,7410.243902439024,45.0,5245.714285714285,77.11764705882354,7737.35294117647,7410.243902439024,29640.975609756097,321.68247580441937,38601.89709653032,22.0,-1328589.8970965303,22826.102903469677,1067102.1029034697
887,Wisconsin,total,Graduate_or_professional_degree,75811,1232,WI,60.372093023255815,7410.243902439024,45.0,5245.714285714285,77.11764705882354,7737.35294117647,0.0,0.0,0.0,0.0,26.0,-1895275.0,75811.0,1061354.0
900,Wyoming,total,Total,48197,2185,WY,23.666666666666668,5244.0,28.333333333333332,4969.333333333333,66.0,6120.0,0.0,0.0,0.0,0.0,,,48197.0,
901,Wyoming,total,Less_than_high_school_graduate,28406,4964,WY,23.666666666666668,5244.0,28.333333333333332,4969.333333333333,66.0,6120.0,0.0,0.0,0.0,0.0,16.0,-426090.0,28406.0,681744.0
902,Wyoming,total,High_school_graduate_includes_equivalency,37396,1855,WY,23.666666666666668,5244.0,28.333333333333332,4969.333333333333,66.0,6120.0,0.0,0.0,0.0,0.0,18.0,-635732.0,37396.0,822712.0
903,Wyoming,total,Some_college_or_associates_degree,44020,3108,WY,23.666666666666668,5244.0,28.333333333333332,4969.333333333333,66.0,6120.0,4969.333333333333,9938.666666666666,107.86065012232223,12943.278014678668,20.0,-849323.2780146786,31076.721985321332,867456.7219853214
904,Wyoming,total,Bachelors_degree,54129,3784,WY,23.666666666666668,5244.0,28.333333333333332,4969.333333333333,66.0,6120.0,5244.0,20976.0,227.64472064990252,27317.366477988304,22.0,-1164026.3664779882,26811.633522011696,947004.6335220117
905,Wyoming,total,Graduate_or_professional_degree,68506,1926,WY,23.666666666666668,5244.0,28.333333333333332,4969.333333333333,66.0,6120.0,0.0,0.0,0.0,0.0,26.0,-1712650.0,68506.0,959084.0
918,Puerto_Rico,total,Total,21254,372,PR,,,,,3.9761904761904763,3719.0,0.0,0.0,0.0,0.0,,,21254.0,
919,Puerto_Rico,total,Less_than_high_school_graduate,12646,971,PR,,,,,3.9761904761904763,3719.0,0.0,0.0,0.0,0.0,16.0,-189690.0,12646.0,303504.0
920,Puerto_Rico,total,High_school_graduate_includes_equivalency,16083,319,PR,,,,,3.9761904761904763,3719.0,0.0,0.0,0.0,0.0,18.0,-273411.0,16083.0,353826.0
921,Puerto_Rico,total,Some_college_or_associates_degree,19642,457,PR,,,,,3.9761904761904763,3719.0,,,,,20.0,,,
922,Puerto_Rico,total,Bachelors_degree,27445,925,PR,,,,,3.9761904761904763,3719.0,,,,,22.0,,,
923,Puerto_Rico,total,Graduate_or_professional_degree,40103,1592,PR,,,,,3.9761904761904763,3719.0,0.0,0.0,0.0,0.0,26.0,-1002575.0,40103.0,561442.0
